comment_text,date,source_url
brabbi chnia hazzebla elli t3addiou fiha  men wa9tach echawadh wallat tetetra7 oumourhom fi itar 3a2ili men wa9tach zina el ma7arem yo3tabar dhahra metfachia fi tounes chnoua hal narcissisme 3and hallemmarek  a3tihom yodhrou mosli7ine whouma mo5arribine na3 zabbour ommkom el 9a7ba,2017-01-30T22:14:14+0000,https://www.facebook.com/EttounsiyaTV/photos/a.285605701510153.64809.136462473091144/1281814928555887/?type=3&theater
ุจุงููู ุนูููู ูุงุนุงุฏ ุชุนูููุง ุงุนุงุฏู ูุจุฑุงูุฌูู ุฑุงูู ุฑูุจุชููู ุงูุงุนุตุงุจ ููุทูู ุงูุนูุงุฑู ููุญูุฏ ุจูุบูุงุจ ุงุฑุฒููู ูููู ููุฎุชููู ุฑุงุณู๐๐๐๐๐๐๐๐,2016-11-26T14:51:44+0000,https://www.facebook.com/EttounsiyaTV/photos/a.285605701510153.64809.136462473091144/1281814928555887/?type=3&theater
Ferrero rocher ุนูุงุด ูุง ุซูุงุด ุจุฑุงูุฌ ููุดุจุงุจ ููุฏูููุง ุดุจุงุจ ููููุจูู ูู ูุฎุชูู ุงููููู ู ุงูุนููู ุจุฑุงูุฌ ุฎูููุฉ ู IN ุงูุจุฑุงูุฌ ุงูุจุฑููุฉ ุงููู ููุถุฉ ูู ุงูุนุงูู ุฎูููุฉ ูุง ุชุฎูุด ุจุฑุดุฉ ููุช,2016-11-26T12:03:02+0000,https://www.facebook.com/EttounsiyaTV/photos/a.285605701510153.64809.136462473091144/1281814928555887/?type=3&theater
ya3n zok omk w om el barnemj nektna fe zatla ya mnayk w ya3n zok omo e la7am eli jeybo bara ya3n zok om omk ya mnayk manektna ken enty kroz 3afsin f zaweli mandher mta3 zeby ken tji godem zeby manikek alah yehlkek ya mibon,2017-01-03T22:16:37+0000,https://www.facebook.com/EttounsiyaTV/photos/a.285605701510153.64809.136462473091144/1281814928555887/?type=3&theater
brabi sรฉmi ne nous ramรฉne pas de sales types comme l'รฉmission du mardi soir des gens makboutins kwanjia qui fausse toute l'ambiance sa commence ร perdre son charme tes รฉmissions,2016-11-27T08:01:42+0000,https://www.facebook.com/EttounsiyaTV/photos/a.285605701510153.64809.136462473091144/1281814928555887/?type=3&theater
ูุดุงููู ูุง ูุจุฏุงุด ููุฒ ูุงูุฌุงุจูุฉ ู ูุญุท ุงูุฎุงููุฉ ุนูุฏู ูุง ูููููุง ุญุชู ูู ุฑุจู ูุณุชุฑ,2016-11-27T17:03:53+0000,https://www.facebook.com/EttounsiyaTV/photos/a.285605701510153.64809.136462473091144/1281814928555887/?type=3&theater
plus qu on parle  plus  les gens  ceci   leur donne des idees  et  apres le font   moi  je trouve    comme   on leurs die comment certain font  certain disent  moi aussi    comme  les fils americain    des coups  les americains sont tous  arees  et tirent   pour rien    que  allah nous preservent   amin,2017-01-21T21:48:32+0000,https://www.facebook.com/EttounsiyaTV/photos/a.285605701510153.64809.136462473091144/1281814928555887/?type=3&theater
Brabi a3mlouna barnamej elmouwaten fi mouwajahet esiyassi taw tchoufou inou echa3b mtha9ef w ya3ti el7ouloul 5ir mi eno5ba mta3 tunis.,2016-11-26T10:58:28+0000,https://www.facebook.com/EttounsiyaTV/photos/a.285605701510153.64809.136462473091144/1281814928555887/?type=1&theater
Sami lfehri wlh ya 5ouya 9a3ed da3em fil fsad w zna  .!!!  A9all chay 3ahiratt ebliss 5alihom ba3a 3la tv moch bhy haka !!?  ๐ t3ari ro7ha w to5roj fi tv !! ๐ฃ๐ฆ ti rahi 3aylat tab3 fikom fama eli y7eb ytfarj fihom w fama eli ya7chem 3la ro7w ki ra (kelham eli m3arya ro7ha la medi wla mel mela )  wlh 3ib ๐ญ๐ญ๐ญ๐ญ๐ญ,2017-01-21T22:20:11+0000,https://www.facebook.com/EttounsiyaTV/photos/a.285605701510153.64809.136462473091144/1281814928555887/?type=1&theater
ุจุฑุจู ุงุฎุทูู ูู ุงูุชูููู ูุจุฑ ุดูู ุงูุดุจุงุจ ููู ูุตูู ูุณุฑูู ููุฎุทูู ูุฒููู ูู ุธุฑุจู ูุญูู ูุดูู ุญูุง ูุดุจุงุจ,2017-02-01T10:32:16+0000,https://www.facebook.com/EttounsiyaTV/photos/a.285605701510153.64809.136462473091144/1281814928555887/?type=1&theater
ููุนู ุนูุฏู ูุงูููู ุงุฎุชุฑุนูููุง ุญูุงูุฉ ุฌุฏูุฏุฉ ุงููู ูุณุชุฑ,2016-11-26T10:06:35+0000,https://www.facebook.com/EttounsiyaTV/photos/a.285605701510153.64809.136462473091144/1281814928555887/?type=1&theater
ุฃููุง ุชุญูุงุชู ููู ุงูุงุนูุงูููู ุจููุงุฉ ุงูุญูุงุฑ ุงูุชููุณู ูุนูู ูุงุชูุฏูู ูู ุจุฑุงูุฌ ุฑุงุฆุนุฉ ุฅูุง ุฃููู ุฃุชููู ุฃู ูุชู ูุนุงูุฌุฉ ุจุนุถ ุงูููุงุถูุน ุงูุงุฌุชูุงุนูุฉ ุงููุทุฑูุญุฉ ูุงูุชู ุชุนุงูู ูููุง ูุฌุชูุนุงุชูุง ุงูุนุฑุจูุฉ ุงูุฅุณูุงููุฉ ุจุทุฑููุฉ ุชููู ุจุงุฎูุงููุง ูููููุง ุงูุงุฌุชูุงุนูุฉ ููุง ุงูุฑูุง ุจู ุฏูููุง ุงูุงุณูุงูู ูููู ูู ุงูุชูุฏูุฑ ูุงูุงุญุชุฑุงู ูุงููู ุฃุณุฃู ุงูุชูููู ***** ููุจู,2017-02-05T13:05:42+0000,https://www.facebook.com/EttounsiyaTV/photos/a.285605701510153.64809.136462473091144/1281814928555887/?type=1&theater
ุชู ุนูุงู ุชุดุฑูู ูู ุงููุงุฑ ุจุฑุงูุฌ ูู ูููุงุช ุงุฌูุจูุฉ ูุงุฎู ุนูุฏูู ุนุทู ูู ุงูุชุงุฌ ุงูุงููุงุฑ ูุง ุนุฑุจุ!! ุนูุฏู ุจุฑุดุง ุงููุงุฑ ุฎูุฐููู ุจูุงุด ููููู,2017-02-04T17:02:42+0000,https://www.facebook.com/EttounsiyaTV/photos/a.285605701510153.64809.136462473091144/1399423656795013/?type=1&theater
"Vu ร la tรฉlรฉ, Vu en rรฉalitรฉ, vรฉcu en Tunisie : la libรฉralisation de l'audiovisuel une quรชte de qualitรฉ ""produit"" non pas des grilles et programmes ""clonรฉs"". Le fibre optique, cรขble, le net mobile sont des solutions techniques qui exigent une concurrence ร l'Internationale dans ""un monde qui deviendra un quartier"". En un, les chaรฎnes radiophoniques tunisiennes privรฉs fortes en audimat mรฉritent places au TNT. En deux, prioritรฉ รฉducatif, loin des vocations propagandistes, une chaรฎne franรงaise et anglaise doivent figurer dans le bouquet de Tรฉlรฉvision Numรฉrique Terrestre  tunisien. L'EuroNews, Rai1, TV5 monde, BBC, DW se voient prioritaires comme chaรฎnes du service public plus correctes en suretรฉ informative. En trois, C'est la meilleure faรงon de limiter la ""pollution"" dite urbaine avec les antennes paraboliques non pas avec des taxations ""municipales"" non concluantes. Dรฉsormais, le citoyen tunisien devient exigeant et d'un goรปt dรฉveloppรฉ ร dire raffinรฉ.   En quatre, ร substituer une totale migration idรฉologique, Les pays du Golf ont bien dรฉveloppรฉes des chaรฎnes variรฉes modรฉrรฉment contrรดlรฉs. Ainsi l'expรฉrience de nos voisins du Grand Maghreb frรฉquence Hotbird ร citer Canal Algรฉrie, 2M et Medi1 (Maroc) dรฉmontre une bonne action motivant directement ou indirectement les affaires รฉtrangรจres en vitrine l'รฉconomie lieu. En cinq, cotรฉ communication politique nationale, le lancement d'une chaine tunisienne franco-anglaise est de l'ordre du jour. En appui la rรฉussite de RTCI et les JTF JTAnglais sur canal 7 et 21. L'attraction des รฉtrangers, rรฉsidents, au quotidien du Bled d'un cotรฉ et nos expatriรฉs ร l'รฉtranger sera bien renforcรฉe. Tรฉlรฉvision Tunisienne Chaine Internationale (TTCI). C'est l'idรฉe. Le bon concept demandera une รฉtude projet et certainement des essais. Autrement, ร chacun ""ses"" tรฉlรฉcommande[s] pour zaper. C'est tout. Bade Vu ร la tรฉlรฉ, Vu en rรฉalitรฉ, vรฉcu en Tunisie : la libรฉralisation de l'audiovisuel une quรชte de qualitรฉ ""produit"" non pas des grilles et programmes ""clonรฉs"". Le fibre optique, cรขble, le net mobile sont des solutions techniques qui exigent une concurrence ร l'Internationale dans ""un monde qui deviendra un quartier"". En un, les chaรฎnes radiophoniques tunisiennes privรฉs fortes en audimat mรฉritent places au TNT. En deux, prioritรฉ รฉducatif, loin des vocations propagandistes, une chaรฎne franรงaise et anglaise doivent figurer dans le bouquet de Tรฉlรฉvision Numรฉrique Terrestre  tunisien. L'EuroNews, Rai1, TV5 monde, BBC, DW se voient prioritaires comme chaรฎnes du service public plus correctes en suretรฉ informative. En trois, C'est la meilleure faรงon de limiter la ""pollution"" dite urbaine avec les antennes paraboliques non pas avec des taxations ""municipales"" non concluantes. Dรฉsormais, le citoyen tunisien devient exigeant et d'un goรปt dรฉveloppรฉ ร dire raffinรฉ.   En quatre, ร substituer une totale migration idรฉologique, Les pays du Golf ont bien dรฉveloppรฉes des chaรฎnes variรฉes modรฉrรฉment contrรดlรฉs. Ainsi l'expรฉrience de nos voisins du Grand Maghreb frรฉquence Hotbird ร citer Canal Algรฉrie, 2M et Medi1 (Maroc) dรฉmontre une bonne action motivant directement ou indirectement les affaires รฉtrangรจres en vitrine l'รฉconomie lieu. En cinq, cotรฉ communication politique nationale, le lancement d'une chaine tunisienne franco-anglaise est de l'ordre du jour. En appui la rรฉussite de RTCI et les JTF JTAnglais sur canal 7 et 21. L'attraction des รฉtrangers, rรฉsidents, au quotidien du Bled d'un cotรฉ et nos expatriรฉs ร l'รฉtranger sera bien renforcรฉe. Tรฉlรฉvision Tunisienne Chaine Internationale (TTCI). C'est l'idรฉe. Le bon concept demandera une รฉtude projet et certainement des essais. Autrement, ร chacun ""ses"" tรฉlรฉcommande[s] pour zaper. C'est tout. Bader Kedidi.",2017-02-14T01:27:29+0000,https://www.facebook.com/EttounsiyaTV/photos/a.285605701510153.64809.136462473091144/1399423656795013/?type=1&theater
ูุง ุณุงูู ูุง ููุฏ ุนูุงุก ุฑุงู ููุฑุชูุง ุฅูุช ููููู ููุฏ ุณููุฑ ุงููุงูู ููุงุฉ ุฏุนุงุฑุฉ ููุง ูููุงุฉ 9 ูุชุน ููุจูู ุฅู ุดุงุก ุงููู ุชูููู ูู ุตุบุงุฑูู ูุง ููุงุฏ ุงูุญุฑุงู,2017-02-05T00:42:26+0000,https://www.facebook.com/EttounsiyaTV/photos/a.285605701510153.64809.136462473091144/1399423656795013/?type=1&theater
ุณุงูู ุงูููุฑู ูููู ุฎุฏูุฌุฉ ุจูุชู ุ ูููุง ูุญุดุฉ ููุง ูุงู ุญุงุฌุฉ ูุฏููุฉ ูุญุจูุง ุนูู ุญุงุฌุฉ ุฌุฏูุฏุฉ ูุฑุงู ุณูุนุชูุง ูููุงู ููุงุช ุนูุง ูุฏุฉ ูุง ุฑููุง ุดูุฆ ู ุฃูุช ุญุจูุจูุง ุชุฑูู ูู ุงูุดุจุงุจ ุงูุชููุณู ุชู ุญุชู ุจุณุงุฌ ููุง ูุงุจุชูุฑ ุตุบูุฑ ู ูุงู ููุง ุฒูู ููุณุงูุด ูููุงุฏ ุงููู ูุณุชูุงู,2017-02-10T18:33:25+0000,https://www.facebook.com/EttounsiyaTV/photos/a.285605701510153.64809.136462473091144/1281814928555887/?type=1&theater
nk,2017-02-06T09:15:25+0000,https://www.facebook.com/EttounsiyaTV/photos/a.285605701510153.64809.136462473091144/1399423656795013/?type=1&theater
Plutot fthaya7 tounsia ๐,2017-02-04T16:24:21+0000,https://www.facebook.com/EttounsiyaTV/photos/a.285605701510153.64809.136462473091144/1281814928555887/?type=1&theater
maw mridh yheb yesma3 fdhaya7 nas hhh,2017-02-04T16:40:27+0000,https://www.facebook.com/EttounsiyaTV/photos/a.285605701510153.64809.136462473091144/1399423656795013/?type=1&theater
ุงูุจุฑูุงูุฌ ูุฐุง ุจูุช ุฏุนุงุฑุฉ ูุงููู,2017-02-04T16:30:59+0000,https://www.facebook.com/EttounsiyaTV/photos/a.285605701510153.64809.136462473091144/1399423656795013/?type=1&theater
ุนุงููุฉ ููุชุฏุฉ ูููุง ุณูุจูุงุช ูู ููุชูุง ูุฐุง.. ูุจู ุฏููุง ุฑุฎูุตุฉ ููุจุณู ุจุฅูู ุฌุงุจ ุฑุจู ู ูุงููู ุจุฅูู ูุชุจ ูุชูุฉ ุงุนูุงุฏูุงู ููุงุณุจุงุชูุง ูุซุฑุช ู ุตุบุงุฑ ุชุญูุช ุนููุงูู ู ุงุญูุง ุจูุฏูุง ูุง ูุฑุถุงูุด ูุตุบูุฑูุง ูุชุฑุจู ูุงูุต ุญุงุฌุฉ,2018-01-02T10:50:56+0000,https://www.facebook.com/EttounsiyaTV/photos/a.142319959172062.29461.136462473091144/1832062303531144/?type=3&theater
ุงูุนุงุฆูุฉ ูู ุดุฑู ุงูุงูุณุงู ู ุนุฑุถู...ูุง ุชุนุทูุง ูุฑุตุฉ ุงูู ูุฐุง ุงููุชุตููู ููุดู ุงุณุฑุงุฑ ุฎุงุตุฉ.ููู ุจูุฐุง ุงูุงุณููุจ ุงูุฎุจูุซ ุณูู ูุญุงูู ุงุฏุงุฑุฌ ููุงุถูุน ุงูุซุฑ ุญุณุงุณูุฉ ูุซู ุงูุนูุงูุงุช ุงูุญููููุฉ ู ูู ูู ูุฑุฉ ุชูุน ุงููุนุงุดุฑุฉ ุจูู ุงูุฒูุฌูู ูู ุงูุงุณุจูุน...ูุนูุฉ ุงููู ุนูู ุงุนูุงู ุงูุนุงุฑ ู ุงูุฏูุงุฑ...,2018-01-02T12:53:38+0000,https://www.facebook.com/EttounsiyaTV/photos/a.142319959172062.29461.136462473091144/1832062303531144/?type=3&theater
ุงูุนุงุฆูุฉ ุงูููุชุฏุฉ ุญุณุจ ูุฌูุฉ ูุธุฑู ูููุง ุณูุจูุงุช ูุงูุณุจุจ ูู ุชุฏูู ุงูููุฏุฑุฉ ุงูุดุฑุงุฆูุฉ ููููุงุทู ุงูุชููุณู ูุฎุตูุตุง ูู ุงูููู ูู ุฑูู ุงู ุดูุฑูุฉ ุดูู ุงูุง ุนุดุช ูุน ุฎูุงุชู 7 ู ุจุนุฏ ูุฑุถุช ุงูู ุจุงููููุณุงุฑ ูุจุงุจุง ุนุงูุฏ ุนุฑุณ ู ุฌุงุจ 3 ุงุฎุฑูู . ูุณููู ุจุงูุฑูู ุจุงุจุง ุบูุฑ ูุงุฏุฑ ุจุงุด ุงููุฑ ูููุง ูุตุฑูู ุงู ุงุจุณุท ุถุฑูุฑูุงุช . ูุฐุง ุงูู ูุฒูู ูุจุทู ูุงูุง ูุตูุช 2 ุฌุงูุนุฉ ู ุฎูุงุชู ุงุตุบุฑ ููู  ุจุงุด ุงุจุทูู ููู ููู ูุณููู ูู ุฌุจู . ุงูุญูุงุฉ ูุนุงุฏุด ุณุงููุฉ ููู ูุจู ุจุงุด ุงุฌูุจ ููุฏุณ . ุงูุญูุงุฉ ุตุนูุจุฉ ูุงุฎูุจ ุญุงุฌุฉ ุชุดูู ุนุงููุชู ูุญุชุงุฌุฉ ุงุจุณุท ุญุงุฌุงุช ูุงูู ุงุญูุงูู ุถุงุนุช ูุงูู ุถุญูุฉ ุธุฑูู ูุงุตูุฉ ุงูุช ูุง ุฎุชุฑุชุด ุชููู ูููุง . ุจุนุฏ ุงูู ุจูุงูู ุจุงุจุง ูุงุฎูุชู ุงูู ูุง ูุทูุจ ูู ุฑุจู ูุงู ููุฑุญูู ููููุฑ ูููู ุงุจุณุท ุญุงุฌุงุช ุจุงุด ุงุนูุดู . ุนูุฑูุง ูุง ููุฏู ูุฏูุง ูููููู ุงุนุทููุง ูุงููู ููุทูุญ  ูุฑุจู ูุง ูุถุนูุงุด .,2018-01-02T13:24:05+0000,https://www.facebook.com/EttounsiyaTV/photos/a.142319959172062.29461.136462473091144/1832062303531144/?type=3&theater
ุจุฑุจู ุดููู ุงูู ูุนุทู ูููู ุงูููุงุถูุน ูุชุงุน ูู ุฌูุนุฉ ูุซูุง ุฌูุชุฉ ุณุจ ุชุฑููุง ูุฌูุนุฉ ุณุจ ุงูููุถุฉ ูุฌูุนุฉ ุณุจ ุงููุฑุฒููู ุญุชู ููุฌูุนุฉ ูุฎุฑุงููุฉ ุทุญูู ูุฑูุฒ ููุจุงุฌู ูุงูุดุงูุฏ,2018-01-02T14:55:06+0000,https://www.facebook.com/EttounsiyaTV/photos/a.142319959172062.29461.136462473091144/1832062303531144/?type=3&theater
ุขุณุงูู ุงูููุฑู ูุญุจ ูุนุฑู ุดููู ุงูู ูุนุทู ูู ุงูุงูุงูุฑ ูููููุงุช ุงููู ูุซูุง ุงููููุงุช ุงููู ุชุนูู ุงุณุจูุน ุณุจ ูููุฑุฒููู ูุจุนุฏ ุงุณุจูุน ุนุงูููุถุฉ ูุงูุงุฑูุงุจ ูุจุนุฏ ุงุณุจูุน ุณุจ ุณูุงู ุจู ุณุฏุฑูู ุซู ูุฐุง ููุฐุง ุญุชู ููู ูุตููุง ูุงุณุจูู ุงูุทุญูู ููุจุงุฌู ูุงูุดุงูุฏ ุดููู ุจุฑุจู ุงูู ููููููู ููุง,2018-01-02T14:53:04+0000,https://www.facebook.com/EttounsiyaTV/photos/a.142319959172062.29461.136462473091144/1832062303531144/?type=3&theater
"Pourqoui Sami Fehri est entrain ces derniers jours de ridiculiser des stars tunisien
es indirectement รก travers des NULS comme Salem Monsieur. Est ce quยดil se rend compte quยดil est entrain de mettre en doute beaucoup de valeurs. Migalo et dยดautres doivent รซtre traitรฉs autrement. Est ce que cยดest ton niveau Sami Fehri? ou tu peux faire mieux sans Salem Monsieur ... lยดhumour neveut pas dรฏre utiliser des NULS pour ridiculiser les Stars et les gens qui travaillent et qui produisent.",2018-01-02T16:23:31+0000,https://www.facebook.com/EttounsiyaTV/photos/a.142319959172062.29461.136462473091144/1832062303531144/?type=3&theater
ุทูู.ุญูุงุชู.ุชุฌุฑู.ูุงู.ุนูู.  ุงููููุณ.ุชุญุจ.ุชููู.ุงูุฏููุง.... ู.ุชุชุณุญุฑ.ุจุงูุงุฎุฑุฉ.ูุง.ููููุด.. ุงูู.ุนูุฏู,2018-01-02T13:11:07+0000,https://www.facebook.com/EttounsiyaTV/photos/a.142319959172062.29461.136462473091144/1832062303531144/?type=3&theater
ุนูุดู ูููุช ุฏุฑุงููู  ุ ูุตู ุงูุฏู ูุง  ููุงุฏ ุงููุญุจุฉ ุ ูู ุงูููุช  ูุฐุง ูุง  ููุง ุญุฏ  ุจุด ูุฃุฎุฐ  ุญูู  ูุงูุง ุนูู ูููู,2018-01-02T14:50:12+0000,https://www.facebook.com/EttounsiyaTV/photos/a.142319959172062.29461.136462473091144/1832062303531144/?type=3&theater
ุฏุงุฆูุงู ูููุฌูุง ูู ุงูุณูุจูุงุช ูุถููููู ุดูุก ุบุฑูุจ,2018-01-02T10:19:48+0000,https://www.facebook.com/EttounsiyaTV/photos/a.142319959172062.29461.136462473091144/1832062303531144/?type=3&theater
ูุงุฐู ุฅุณููุง ุงูุจุงููู ุชุงูู ุงููุงู ููุงุชุฎููุด ููุณ ูุงุญุฏ,2018-01-02T11:09:01+0000,https://www.facebook.com/EttounsiyaTV/photos/a.142319959172062.29461.136462473091144/1832062303531144/?type=3&theater
ูุง ุชูุณู ุงูุงูุฉ ุงููุฑุงููุฉ.....ุงุจูุงุคูู. ูุงููุงููู ุนุฏู ููู........!,2018-01-02T14:07:22+0000,https://www.facebook.com/EttounsiyaTV/photos/a.142319959172062.29461.136462473091144/1832062303531144/?type=3&theater
ุงููู ูุฎุชุงุฑ ูู ูู ููุงุถูุน ุดูุทุงู ููุดูู ุนูู ุญุงูู,2017-12-28T19:59:43+0000,https://www.facebook.com/EttounsiyaTV/photos/a.285605701510153.64809.136462473091144/1281814928555887/?type=1&theater
alah yn3lkm tounc ana mn laljiri,2016-11-27T21:06:03+0000,https://www.facebook.com/EttounsiyaTV/photos/a.285605701510153.64809.136462473091144/1281814928555887/?type=1&theater
ุจุงููู ุดููู ูุณุคูู ุนูู ุงูุจุฑูุฌุฉ. Normalement ุบุฏูุฉ  dรฉbut de semaine ู ููุงุฑุฉ ุฅุซููู ูุงุญุฏ ูุงุฐุจูู ูุถุญู ู ูุชูุฑูุฏ ุจุจุฑูุงูุฌ ุฃููุฑ ุฌุฏูุฉ ู ููุงุฑุฉ ุงูุซูุงุซุงุก ุนุฏูุง ุญูุงูุงุช ุชููุณูุฉ.รงa sera bcp plus mieux,2016-11-27T23:45:02+0000,https://www.facebook.com/EttounsiyaTV/photos/a.285605701510153.64809.136462473091144/1281814928555887/?type=1&theater
"Les idรฉes de Samy Elfehri sont les meilleures et uniques . Hhhhhhhhhhhhhh. (Je n'aime pas cette personne). Il a attendu longtemps aprรจs la mort de Jean-Luc Delarue Allah yarhemou pour faire copier de l'รฉmission ""รงa se dispute"" sur france2 et la coller dans sa chaรฎne el7iwar ettounsi. Ayayaya. En tout cas il n'a pas sorti de ses habitudes: regarder les tv รฉtrangรจres et faire pareils, copier coller. Sinon, en comparant cette รฉmission ร celle de 3alaa Echabi c'est que les invitรฉs de samy ont passรฉ par le salon de coiffure pour le maquiage, les cheveux et autres, et ceux de Alaa sont spontanรฉs, naturelles...  en tout cas bon courage",2016-11-28T23:16:32+0000,https://www.facebook.com/EttounsiyaTV/photos/a.285605701510153.64809.136462473091144/1281814928555887/?type=1&theater
Falga brjoleya,2016-12-01T14:06:45+0000,https://www.facebook.com/EttounsiyaTV/photos/a.285605701510153.64809.136462473091144/1281814928555887/?type=1&theater
ููุงุตูุฉ ููุญููุฉ ุงูุนุงูููุฉ ุงูููุจุฑูุฉ ูุถุฑุจ ุจุนุถ ุงูุดุฎุตูุงุช ุงูุณูุงุณูุฉ ูุงุชูุงููู ุจุงูุชุญุฑุด ุฎุตูุตุง ุงููููุฑ ุงูุงุณูุงูู ุทุงุฑู ุฑูุถุงู ุ ุงูุฎุฑุท ููุงุฉ ุงูุฎูุงุฑ ุงูุชููุณู ูู ูุฐู ุงูุญููุฉ ูุนุงุฏุชูุง !!!,2017-12-18T21:00:29+0000,https://www.facebook.com/EttounsiyaTV/photos/a.285605701510153.64809.136462473091144/1281814928555887/?type=1&theater
ุญูุงูุงุช ุฎูุฌ ูุนูุฑ ู ูุณุงุฏ...ุชููู ุนูููู,2017-12-18T20:51:25+0000,https://www.facebook.com/EttounsiyaTV/photos/a.285605701510153.64809.136462473091144/1281814928555887/?type=1&theater
ููุง ูุถุงูุญ,2017-12-18T20:50:54+0000,https://www.facebook.com/EttounsiyaTV/photos/a.285605701510153.64809.136462473091144/1281814928555887/?type=1&theater
Wla fama mawthou3 yasla7...lkola ken 3azne wl5maj,2017-12-18T21:00:40+0000,https://www.facebook.com/EttounsiyaTV/photos/a.285605701510153.64809.136462473091144/1281814928555887/?type=1&theater
Chfama 3lach almawdou3,2017-12-18T20:52:55+0000,https://www.facebook.com/EttounsiyaTV/photos/a.285605701510153.64809.136462473091144/1281814928555887/?type=1&theater
ุงูุชุญุฑุด.ููุถูุน ููุณ ูู ููุงูุฉ,2017-12-18T22:41:47+0000,https://www.facebook.com/EttounsiyaTV/photos/a.285605701510153.64809.136462473091144/1281814928555887/?type=1&theater
ูุนุทูู ุนุตุจุฉ ูุง #ุณุงูู ููุฑู ูุจูู,2017-12-18T21:11:24+0000,https://www.facebook.com/EttounsiyaTV/photos/a.285605701510153.64809.136462473091144/1281814928555887/?type=1&theater
ูููุง ููู ูุญูุงูุฉ ุุุุุ,2017-12-18T20:57:11+0000,https://www.facebook.com/EttounsiyaTV/photos/a.285605701510153.64809.136462473091144/1281814928555887/?type=1&theater
ุงููุจุงุณ ุงููุงุถุญ ูู ุงูุซุฑ ุงุณุจุงุจ ุงูุชุญุฑุด ูุง ุชููู ูุง ุดุนุจ ููุจูุช ุฌูุณูุง ูุง ููุงู ุจูุงุชูุงุช ....ุงู ูุงู ุงูููุงุถุฑ ู ุงูุนุฑุงุก ุงูู ูุดูู ููู ุญุฑูุฉ ูุงูุงุบุชุตุงุจ ูุงุฌุจ ูุง ุณุงุฏุฉ,2017-12-18T20:38:20+0000,https://www.facebook.com/EttounsiyaTV/photos/a.285605701510153.64809.136462473091144/1281814928555887/?type=1&theater
ุชุญูู ุน ุงูุชุญุฑุด ูุง ุณุงูู ููุจุงุฑุญ ูุฑุชู ุฒููุจ ุนุฏูุชูุง ุน ุงููุงูููู ูุชุงุนู ู ุชุญุช ุงูุฒุงูุฑู ๐ก,2017-12-18T20:30:53+0000,https://www.facebook.com/EttounsiyaTV/photos/a.285605701510153.64809.136462473091144/1281814928555887/?type=1&theater
ุญุชู ูู ุงูุฑุงุฌู ูุณููู ุชููุงู ููู ูุง ูุฏูุฑ ุจุฑุงุณู ูุดูู ูุงู ูู ุงูุชุฑู ู ุงูุจุฒุงุฒู,2017-12-18T20:59:05+0000,https://www.facebook.com/EttounsiyaTV/photos/a.285605701510153.64809.136462473091144/1281814928555887/?type=1&theater
ุดุนุจ ููุงูู ูุงููู ูุฐุจ ุงููุฑุฃุฉ ูู ุชุญุชุฑู ุฑูุญูุง ูุงููู ูุง ูู ูุชุฌุฑุฃ ูุชุญุฑุด ุจููุง ูุงููุณู ุจูุฏ ุงูุฎุงูู,2017-12-18T20:44:46+0000,https://www.facebook.com/EttounsiyaTV/photos/a.285605701510153.64809.136462473091144/1281814928555887/?type=1&theater
"Berasmi c choquant...! Tawa sbab ta7aroch walet l ghalta mtaa l bneet... Se3a premiรจrement fama rjeel yet7archouu bihom, yelebsouu 9siir zedaa adhoukom? Ti ma 5alew la hayawanet la sghar mtaa 3ans laa 3zeyez 80 ans winti mazelet t9olii 3ree?! Deuxiรจmement, hiya ghalta w ma 7a9heech lebset akeaa, nemchii m3aak :) ...fama ghirek chefha w ma 3mal chay, dc l ghalta mil mentalitรฉ l fesda mte3ek, w quelque soit rajel wala mra raw ๐",2017-12-19T10:09:49+0000,https://www.facebook.com/EttounsiyaTV/photos/a.285605701510153.64809.136462473091144/1281814928555887/?type=1&theater
ุญูุงูุงุช ุงูู ุณูุณู ุฑุฌุนููู ุจุนูุจูุตู ูุญูู ุจูู ููุงุฑ ุงูุนูุฏ ู ูุฑุฏ ูููู ุ ุณุฑู ูู ูุงุฌู ู ุดุจุนุฉ ูุฌุงุฌู ู ูุณูุตู ูููู ุฑุงุฌู!!!,2017-12-19T05:39:00+0000,https://www.facebook.com/EttounsiyaTV/photos/a.285605701510153.64809.136462473091144/1281814928555887/?type=1&theater
Sade9ni ken choft mawghou3 3la nes fo9ara wma3andhomch 3cha 5ir meli 9alou ta7arech,2017-12-18T22:01:01+0000,https://www.facebook.com/EttounsiyaTV/photos/a.285605701510153.64809.136462473091144/1281814928555887/?type=1&theater
Bellehi ou brabi ya sami el fehri hedhi elli titkellim tawa ken jet mou7terma rou7ha meyssirich heka w dhaher min lebssetha,2017-12-18T20:33:16+0000,https://www.facebook.com/EttounsiyaTV/photos/a.285605701510153.64809.136462473091144/1281814928555887/?type=1&theater
ุญูุงูุงุช ูู ุชุฑููู ุญุงุตูููุง ูุง ููุงุฉ ุงูุนุงุฑ,2017-12-18T22:22:35+0000,https://www.facebook.com/EttounsiyaTV/photos/a.285605701510153.64809.136462473091144/1281814928555887/?type=1&theater
ูููู ูุง ุณุงูู ุญุฑู ุนููู,2017-12-18T20:58:20+0000,https://www.facebook.com/EttounsiyaTV/photos/a.285605701510153.64809.136462473091144/1281814928555887/?type=1&theater
Ech kther nik,2017-12-18T21:10:28+0000,https://www.facebook.com/EttounsiyaTV/photos/a.285605701510153.64809.136462473091144/1281814928555887/?type=1&theater
ุดููุฉ ููุถูุน,2017-12-19T05:03:57+0000,https://www.facebook.com/EttounsiyaTV/photos/a.285605701510153.64809.136462473091144/1281814928555887/?type=1&theater
ุญูุงูุฉ ุงูู ุงููุงุฌุฑุฉ ูุนูุฉ ุงููู ุนูููู ูุนูู ูู ูู ูุชุงุจุน ูููู,2017-12-18T20:56:17+0000,https://www.facebook.com/EttounsiyaTV/photos/a.285605701510153.64809.136462473091144/1281814928555887/?type=1&theater
ูุฏุงุด ุชุญูู ูุง ุณุงูู ุงูููุฑู,2017-12-18T21:00:17+0000,https://www.facebook.com/EttounsiyaTV/photos/a.285605701510153.64809.136462473091144/1281814928555887/?type=1&theater
Brabi a3mlouna barnamej elmouwaten fi mouwajahet esiyassi taw tchoufou inou echa3b mtha9ef w ya3ti el7ouloul 5ir mi eno5ba mta3 tunis.,2016-11-26T09:37:39+0000,https://www.facebook.com/EttounsiyaTV/photos/a.285605701510153.64809.136462473091144/1281814928555887/?type=1&theater
brabbi chnia hazzebla elli t3addiou fiha  men wa9tach echawadh wallat tetetra7 oumourhom fi itar 3a2ilimen wa9tach zina el ma7arem yo3tabar dhahra metfachia fi touneschnoua hal narcissisme 3and hallemmarek  a3tihom yodhrou mosli7ine whouma mo5arribine na3 zabbour ommkom el 9a7ba,2017-01-30T22:14:14+0000,https://www.facebook.com/EttounsiyaTV/photos/a.285605701510153.64809.136462473091144/1281814928555887/?type=1&theater
ุจุฑุจู ุงุฎุทูู ูู ุงูุชูููู ูุจุฑ ุดูู ุงูุดุจุงุจ ููู ูุตูู ูุณุฑูู ููุฎุทูู ูุฒููู ูู ุธุฑุจู ูุญูู ูุดูู ุญูุง ูุดุจุงุจ,2017-02-01T10:32:16+0000,https://www.facebook.com/EttounsiyaTV/photos/a.285605701510153.64809.136462473091144/1281814928555887/?type=1&theater
ok sami,2016-11-26T09:29:25+0000,https://www.facebook.com/EttounsiyaTV/photos/a.285605701510153.64809.136462473091144/1281814928555887/?type=3&theater
ุจุฑูุงูุฌ ูุฐุง ู ุงูุง ุดููุง ?,2016-11-26T09:29:27+0000,https://www.facebook.com/EttounsiyaTV/photos/a.285605701510153.64809.136462473091144/1281814928555887/?type=3&theater
ูุตุงุฆุจ ุชููุณูุฉ ูู ุญูู ุงูููุถุฉ ูุงููุฏุงุก,2016-11-26T09:31:51+0000,https://www.facebook.com/EttounsiyaTV/photos/a.285605701510153.64809.136462473091144/1281814928555887/?type=3&theater
ุฒุจุงูุฉ ุฑูุญุชูุง ุทูุนุช,2016-11-26T09:53:28+0000,https://www.facebook.com/EttounsiyaTV/photos/a.285605701510153.64809.136462473091144/1281814928555887/?type=3&theater
ูููุง toute une histoire ุนูู tv5,2016-11-26T10:10:45+0000,https://www.facebook.com/EttounsiyaTV/photos/a.285605701510153.64809.136462473091144/1281814928555887/?type=3&theater
ููู ุชู ุจุงูู ูุฑุฌุน ูุชูุฑุฌ ุนูู ููุงุชู ุงูููุถูู,2016-11-26T09:45:14+0000,https://www.facebook.com/EttounsiyaTV/photos/a.285605701510153.64809.136462473091144/1281814928555887/?type=3&theater
ุจุฑูุงูุฌ ูุณุฎุฉ ูู ุจุฑูุงูุฌ ุงุณูู ุงุญูุฑ ุจุงูุฎุท ุงูุนุฑูุถ,2016-11-30T07:18:56+0000,https://www.facebook.com/EttounsiyaTV/photos/a.285605701510153.64809.136462473091144/1281814928555887/?type=3&theater
ูุฐุง ุงูููุซู,2016-11-26T10:04:03+0000,https://www.facebook.com/EttounsiyaTV/photos/a.285605701510153.64809.136462473091144/1281814928555887/?type=3&theater
Brabi ach mezelet men 7keya ba3d had lkol,2016-11-26T21:51:54+0000,https://www.facebook.com/EttounsiyaTV/photos/a.285605701510153.64809.136462473091144/1281814928555887/?type=3&theater
Sami lfehri men akber lmout7aylin,2016-11-26T22:00:26+0000,https://www.facebook.com/EttounsiyaTV/photos/a.285605701510153.64809.136462473091144/1281814928555887/?type=3&theater
tar7 mouadab lil mawthou3 doun ibtithal aw moyou3a,2016-11-29T13:22:58+0000,https://www.facebook.com/EttounsiyaTV/photos/a.285605701510153.64809.136462473091144/1281814928555887/?type=3&theater
ุนูุฏู ูุง ููุถุญู ูู ุญูุฉ ุฌุฏูุฏุฉ ููุฑุฉ ุณุงูู #ุงูุนูุฑู :poop:,2016-11-26T17:57:46+0000,https://www.facebook.com/EttounsiyaTV/photos/a.285605701510153.64809.136462473091144/1281814928555887/?type=3&theater
ููุฑุฉ ุณุงูู ุงูููุฑู,2016-11-26T09:27:54+0000,https://www.facebook.com/EttounsiyaTV/photos/a.285605701510153.64809.136462473091144/1281814928555887/?type=3&theater
Zina Elgasrinia etait tres tres vulgaire pas de Niveau .....,2017-01-09T22:27:18+0000,www.facebook.com
9anet l fdhaye7,2016-11-26T10:40:56+0000,www.facebook.com
ุดููุง ููุถูุนู,2016-11-26T09:36:56+0000,www.facebook.com
Sรฉmi Fehri yรฉtzabar 3lina ! barnemej Tefeh,2016-11-29T13:46:39+0000,www.facebook.com
ุจุฑูุงูุฌ ูุงุดู ุฌุฏุง....ูุญุงููุฉ ูุงุดูุฉ ูุชุบุทูุฉ ุบูุงุจ ุจุฑูุงูุฌ ุนูุงุก....,2016-11-29T08:35:42+0000,www.facebook.com
ูุฐุง ูู ุงูู ุญููุฉ ุงููุงููุง ุจุด ุชุจููููู .. ูุชุตูุฑ ููุง,2016-11-26T09:45:57+0000,www.facebook.com
Billehi ya sami 3awdilna hikayet tounsia la boulimie,2017-01-08T15:20:15+0000,www.facebook.com
w9ayet l ri2esa w9ayet,2017-01-18T13:11:10+0000,www.facebook.com
ุฃุญูุฑ ุจุงูุฎุท ุงูุนุฑูุถ ูุณุฎุฉ ุชููุณูุฉ,2016-11-29T17:49:33+0000,www.facebook.com
Uj,2016-12-10T08:56:56+0000,www.facebook.com
๐ก๐ก๐ก๐ก๐ก๐ก๐ก๐ก๐ก๐ก,2017-05-04T11:36:54+0000,www.facebook.com
๐๐๐๐,2016-12-03T08:57:06+0000,www.facebook.com
ูุงู ุจุฑูุงูุฌ ุจููุณ ุงูุงุณู ุนูู ุงููุทููุฉ ุงูุซุงููุฉ ุชูุฏูู ูุงุชู ุงููุณูุงุชู ูุฏุงุด ูุงู ูุนุฌุจูู ุฎุณุงุฑุฉ ูุงุนุงุฏุด ูู  ุนูุถ ุงููุฑ ุฌุฏูุฉ ุงููุงุณุท ุงู ุดุงููู ููุด ุชุงูู  ุจุฑูุฉ,2016-11-26T14:45:46+0000,www.facebook.com
hata mharma wtetnebz bilalkeb,2016-12-17T21:21:35+0000,www.facebook.com
"Ma fhemt chay,chnoua litbaddel wechnouwa lib9a?!!!!",2016-11-26T10:16:32+0000,www.facebook.com
ุฃุณูุท ุจุฑูุงูุฌ ู ุทุฑููุฉ ุทุฑุญ ู ุชุนุงูู ุฑุฎูุตุฉ ู ูุจุชุฐูุฉ ูุฏููุง ุง๏ปทุณูู ุชุฌุงุฑู ุจุญุช ูุฑูุน ูุณุจ ุงููุดุงูุฏุฉ ุจุดุชู ุงููุณุงุฆู ู ูู ูุตูุช ุญุฏ ุง๏ปนุณูุงู ู ุง๏ปนุซุงุฑุฉ ู ุง๏ปนุณุชุบูุงุก ู ุฅุณุชุจุทุงู ุงูุบุฑุงุฆุฒ.,2016-12-16T18:59:18+0000,www.facebook.com
"ูุง ุณุงูู ุงูุช ุฑุฎูุณ ,,,, ุจุฑูุงูุฌู ูุงุจุท ,,,, ุดููุชู ุตูุฑุฉ ุงููุฑุฃุฉ ุงูุชููุณูุฉ ,,, ุดูุช ุงูุญุตุฉ ุชุงุนู ูุงููุฉ ,,,, ุนุงุฑ ูุจูุฑ ,,ุญุชู ูู ุจุฑูุงูุฌ ุฏูููู ููู ,,, ุนูุฏู ุบูุฑ ุงููุงุญูุจ ุชุนูู ุจููุง ุญุตุต ,,, ุชุณุชุฑุฒู ูู ูุฑุงุกูู ,,, ุดููุชูุง ุตูุฑุฉ ุชููุณ ู ุงูุชููุณูุงุช ,,, ุนูุงุด ุณูุจูู ูู ุงูุญุจุณ ,,, ุฅู ุดุงุก ุงููู ุชููู ููู ุจุงุด ูุชููู ุงูุฎูู ููู ู ูู ุงููุณุงุฏ ุงูุฏู ุชูุดุฑุฉ ,, ,, ูุญุจ ูุนุฑู ูููู ุฌุจุชู ุงููุงุญูุจ ู ุนููุชู ุจููู ุญุตุต ,,, ุดุญุงู ุฎูุตุชููู ,,, ุงููุฏุฑุฉ ุชุงุนูู ูุงููุฉ ูุงุจุทุฉ ูู ุงูุฒุจู ,,, ูุงุนุฏูู ุชูุฒุฏูุง ูู ุนูููุฉ ุงููุณุงุก ู ุงูุจูุงุช ู ุชุดุฌุนูุง ูู ุนููู ุงููุงูุฏูู ,,ุฑุฎูุณุฉ ูุฌุงุช ุชูุฏุฑ ูู ุฃููุง ,,, ูููุง ูุงู ุฑุงูู ุฃูููุง le linge sale se lave en famille, ุงูููุงู ุทููู ,,, ูุญุจุณ ููุง,,  ุชุญุฏูุฑ ูุจููุงุด ูุดูููู ูู ุงูุชููุฒุฉ ,,ู ูููุฉ ูุทุจูุจ ุฑูุญ ุชุฎุฏู ุน ุฑูุญู  ูู CABINET ุชุงุนู ู ุณุชุฑ ุนุงุฑ ุงููุงุณ ุฑุงู ุทุจูุจ ูุจูููุงุด ูุดูููู ูู ุงูุชููุฒุฉ , ุฎูุงุฌ .",2016-11-30T14:00:29+0000,www.facebook.com
"ูุง ุณุงูู ุงูุช ุฑุฎูุณ ,,,, ุจุฑูุงูุฌู ูุงุจุท ,,,, ุดููุชู ุตูุฑุฉ ุงููุฑุฃุฉ ุงูุชููุณูุฉ ,,, ุดูุช ุงูุญุตุฉ ุชุงุนู ูุงููุฉ ,,,, ุนุงุฑ ูุจูุฑ ,,ุญุชู ูู ุจุฑูุงูุฌ ุฏูููู ููู ,,, ุนูุฏู ุบูุฑ ุงููุงุญูุจ ุชุนูู ุจููุง ุญุตุต ,,, ุชุณุชุฑุฒู ูู ูุฑุงุกูู ,,, ุดููุชูุง ุตูุฑุฉ ุชููุณ ู ุงูุชููุณูุงุช ,,, ุนูุงุด ุณูุจูู ูู ุงูุญุจุณ ,,, ุฅู ุดุงุก ุงููู ุชููู ููู ุจุงุด ูุชููู ุงูุฎูู ููู ู ูู ุงููุณุงุฏ ุงูุฏู ุชูุดุฑุฉ ,, ,, ูุญุจ ูุนุฑู ูููู ุฌุจุชู ุงููุงุญูุจ ู ุนููุชู ุจููู ุญุตุต ,,, ุดุญุงู ุฎูุตุชููู ,,, ุงููุฏุฑุฉ ุชุงุนูู ูุงููุฉ ูุงุจุทุฉ ูู ุงูุฒุจู ,,, ูุงุนุฏูู ุชูุฒุฏูุง ูู ุนูููุฉ ุงููุณุงุก ู ุงูุจูุงุช ู ุชุดุฌุนูุง ูู ุนููู ุงููุงูุฏูู ,,ุฑุฎูุณุฉ ูุฌุงุช ุชูุฏุฑ ูู ุฃููุง ,,, ูููุง ูุงู ุฑุงูู ุฃูููุง le linge sale se lave en famille, ุงูููุงู ุทููู ,,, ูุญุจุณ ููุง,, ุชุญุฏูุฑ ูุจููุงุด ูุดูููู ูู ุงูุชููุฒุฉ ,,ู ูููุฉ ูุทุจูุจ ุฑูุญ ุชุฎุฏู ุน ุฑูุญู ูู CABINET ุชุงุนู ู ุณุชุฑ ุนุงุฑ ุงููุงุณ ุฑุงู ุทุจูุจ ูุจูููุงุด ูุดูููู ูู ุงูุชููุฒุฉ , ุฎูุงุฌ .",2016-11-30T14:18:47+0000,www.facebook.com
ุจุฑูุงูุฌ ุฎุงุต ***** ุฎุงุทููู ูุญู ุงูููุฑุงุก๐,2018-01-02T18:50:01+0000,www.facebook.com
tfouh alikoum ya wled lahram ya foused,2017-12-06T00:17:43+0000,https://www.facebook.com/EttounsiyaTV/videos/1795892333814808/
"ุณุงูู ู ุงููู ูุง ุญูููู ูู ุฑุจู  ุฒุญ ูุง ูุฎุงูุด ูุงููู ูุฐุงุง  ูู ูุถูุญุฉ ููุถูุญุฉ ุฌุงูุจูุงููุง  ""ุงูุฐูู ุถู ุณุนููู ูู ุงูุญูุงุฉ ุงูุฏููุง ููู ูุญุณุจูู ุฃููู ูุญุณููู ุตูุนุง""  ูุญุดุฑูู ุงููู ุตูุง ู ุจููุง ู ุนููุงูุง .ุจุฑุง ุฅุชูู ุงููู ูู ุฎููู ูุง ุจุดุฑ ุบูุจุช ุนูููุง ุฑุงู",2017-12-25T22:30:36+0000,https://www.facebook.com/EttounsiyaTV/photos/a.142319959172062.29461.136462473091144/1822490581154983/?type=3&theater
ุฃูุง ุบูุทุฉ ุนูุฑู ุชูุฑุฌุช ูู ุญููุฉ ุงููููุฉ ุฃุณุงูุฑ ูููุงููู ูุงูุช ุงูุบูู ูู ุงููุจุงุฑู ุฃูุง ููุณูุฑุด ุุุุุงูุญุงูุฉ ุงูุซุงููุฉ ุทููุช ุฑุงุฌููุง ูุง ุทุงุญ ูุง ุฏุฒูู ูุดููุง ูุงุฎุฑ ูุฑุจ ุนูููุง ูุงูุบุฑูุจ ูู ุงูุฃูุฑ ุงูู ุฑุงุฌููุง ุงูุฃูู     ูุจู ูุฑุฌุนูุง ุุุุ ูุนุฏ ุถุญูุฉ ูู ุนุงููุชู  ุฃู ูุง ุฑุงุณู,2017-12-25T22:28:07+0000,https://www.facebook.com/EttounsiyaTV/photos/a.142319959172062.29461.136462473091144/1822490581154983/?type=3&theater
ุณุงูู ุงูููุฑู ููููุง ุงูู ุงูุนุจุงุฏ ูุด ูุงูููู ููุงุนุฏูู ููููู ุฎุฑุฌุช ุจุชุฏุฎูุงุช ููููู ูุง ูุง ุณูุฏู ุณุงูุญูุง ุฃุญูุง ุบุงูุทูู ูููู ุงูุชู ููุงููุฉ ุชุดูู ุงููููุง ูุชุดุฏู ุดูุฑูููุงูุฒูุงูู ูุดุฑุจ ูุนุจุชูู ุจูุฑุง ูุดุฏ 6 ุดูุฑ ุญุจุณ ุงูุชู ูุง ุฃุณุงูุฑ ูุฑุง ููุงุถูุฉ ุจุฑุจู ุณุงูุญูุง ูุงู ููููุงู ุจุงูุบุงูุท ///,2017-12-25T22:28:30+0000,https://www.facebook.com/EttounsiyaTV/photos/a.142319959172062.29461.136462473091144/1822490581154983/?type=3&theater
ุณุงูู ุงูููุงุจ ุงูููุงูู ูู13ุฌุงููู ุจูุถููุง ุจู ุนูู ูุชู ูู ูุฑุฉ ุงุฌุจููุง ุตุนููู ูุณุชูุจู ูููุง ...ูุฌูุจูุง ูููุฉููุฎุงูุท .ู.ููุฏ ุญููุฉ ุนุฑุจู ...ููู ููุชูู ุงูู ุจูู ุตูููู  ุจุงููู ุชูููุด ุนูู ุงููุฏุณ ูุงู ูุชููู ููููุง ุชูููููุง ูุชููุณ ุงูููุงุฉ ...ุงููุงุณ ุงููู ุชุจุฑุชุงุฌู ุงูููุฑู ุตููููู,2017-12-26T12:22:37+0000,https://www.facebook.com/EttounsiyaTV/photos/a.142319959172062.29461.136462473091144/1822490581154983/?type=3&theater
ุจูุงุฏ ูููุง ุณุงูู ุงูููุฑู ู ุจููุญูุงู ุฑุงุณ ุงูุจููู ุงููุฑุชุงูู ููุฏูุงู ูู ุจุฑุงูุฌ ู ูุชุญูุฑูุง ูู ุงูุงุนูุงู *** **** ุงูุตุจุงุญ ุงูุจูุฑู  .   ูุชูู ุดูุฑูู ู ูุงููู ุฌุฏูุฏ ู ููุง ุงูุฒูุงูู ุงููู ูุดููุง ููู ุนูุฏูุง ุฒุทูุฉ ุจูุฌุฑุฏ ุดู **** ุนุงู ุญุจุณ ุนูู ุฎุงุทุฑ ูุนูุฏูุด ุงูุจุงูู ููููุง ู ููู ุงูููุฑู. ุงูุจุงูู ุงููู ูุชุญุท ุนูู ุทุงููุฉ ุงููุงุถู ู ุงูุจุงูู ุงููู ูุชูุงููู ููู ูุฏุงุด ุจุงู ูู ูุงุญุฏ..,2017-12-26T11:14:20+0000,https://www.facebook.com/EttounsiyaTV/photos/a.142319959172062.29461.136462473091144/1822490581154983/?type=3&theater
ุจุฑุจู ุณุงูู ุงูููุฑู ุญูู ูููู ูุฌูุจ ููุงุญู ู ุบุทุงูุงุช ุนูู ูุงูุงุชู....ุงูุถุญุงูุง ุงููู ุฌุงููู ุนุฑุงูุง...,2017-12-25T22:17:00+0000,https://www.facebook.com/EttounsiyaTV/photos/a.142319959172062.29461.136462473091144/1822490581154983/?type=3&theater
Belehi entom eli t3adou fel bramej fi tounisia fi9ou 7esou bel 3bed b'awled lebled t3adoulhom fi 5wet'hom tmesoulhom fi 3aylet'hom masitoulna chrafna w tounes masha char w chraf 7esou b'rwe7kom b'rwe7na bina b'bledna w nadhfou yehdikom rabi yezou ma 3ad t3adou chai rakom kedheb w *** w 5iyena,2017-12-26T21:42:10+0000,https://www.facebook.com/EttounsiyaTV/photos/a.142319959172062.29461.136462473091144/1822490581154983/?type=3&theater
Ghaltet omri netfarej fe lhiwar meli khrajt me l7abbes wenti tchoula9 fe nssa nhar lahad ma yhemek fe had we nhar lethnine tkharej lkhonar ya wilek men rabi we romdhane ouled moufida lundi   torfa3 la3mel lrabi sobhanou we romdhane nzel feeh l9orene wenti makech feya9 ya *** sayeb nssa tounes we telha fe kofrek wa7dek,2017-12-25T22:19:58+0000,https://www.facebook.com/EttounsiyaTV/photos/a.142319959172062.29461.136462473091144/1822490581154983/?type=3&theater
ุชุดูููุช ูู ูุตุฉ ุงูุงุนุจ ุฎุงูุฏ ุงููุฑุจู ูุงููู ุฎุณุงุฑุฉ ุงูุฑูุญ ูุงุฑูุงุฑู ูุงุฒุงู ุตุบูุฑ ูุณููู ูุญูุฉ ูู ุงูุฌุฒุงุฆุฑ ูุนุฑููู ูู ูุนุจ ูุน ุงูููุชุฎุจ ุงููุทูู ุงูุชููุณู ูู ูุฃุณ ุฃูุฑูููุง ุจูุง ูู ุฐููู ุชุนููู ุงูุดูุงูู ูู ูุงูู ูุฒู ุงููุฑุจู ุชุญูุฉ ุงูุงุฎูุงูุฉ ุงูุชูุงูุณุฉ,2017-12-25T20:42:26+0000,https://www.facebook.com/EttounsiyaTV/photos/a.142319959172062.29461.136462473091144/1822490581154983/?type=3&theater
Brabii oskooot ya sami .. tjib des invites w twali ta7ki fi blassethomm,2017-12-25T20:26:59+0000,https://www.facebook.com/EttounsiyaTV/photos/a.142319959172062.29461.136462473091144/1822490581154983/?type=3&theater
ุงูุญููุฉ ุงููุงุฏูุฉ ุฌูุจ ุงูุนุงูุฑุงุช ูุชุน ุงููุฎูุฑ ููู ูุนูุดูู ุจุนุฏ ูุง ุบูุงู,2017-12-25T22:28:13+0000,https://www.facebook.com/EttounsiyaTV/photos/a.142319959172062.29461.136462473091144/1822490581154983/?type=3&theater
ุจุฑุฌูููุฉ ูุฌูุฏ ุฃุณุงูุฑ ูููู ููุฑู ุถุนู ุงููุถุงุก ูุฏุงู ููุฉ ุฅูู ูุตูุฑ ูู ุจููุช ููู ุฃุซุฑูุงุก ุชููุณ.   #ุฃุณุงูุฑ  #ุญูุจูุฏุฉ ุญุตุฉ ูุชุงุน #ุชูุธูู ุจุฅูุถุงุก #ุณุงูู,2017-12-25T20:52:57+0000,https://www.facebook.com/EttounsiyaTV/photos/a.142319959172062.29461.136462473091144/1822490581154983/?type=3&theater
Ya wel la7ram rabi ella mayti7 fik 3la 9rib ya zeni ya sa9et ya dayouth,2017-12-25T20:45:34+0000,https://www.facebook.com/EttounsiyaTV/photos/a.142319959172062.29461.136462473091144/1822490581154983/?type=3&theater
ุฌุงู ุชุจูุถ ูู ุงููุณุงุฏ ูุงูุฎูุฌ ูุงููุฎุฏุฑุงุช ุจุฑุจู ุฒูุงูู ุนูู ุฃูู ุญุงุฌุฉ ูุฎุฒุฒ ูู ุงูุญุจุณ ููุฒูุฏ ูุฎุฑุฌ ูุญููุฑ ูุงูุช ุฌุงูุจ ูุญุฏู ูุดุฏูุฏุฉ ุนู ุงููููุงููู ูุชูุธูููุง ูู ุตูุฑุชูุง ููุง ูุฒู ุชุฑุจุทุช ุดูุฑ ูุงููุ ุนูู ุฃุณุงุณ ุณูุงุฏุชู ุชูุฒุน ูู ุตููู ุงูุบูุฑุงู  ุนูุงุด ุฎุงุทุฑูุง bombรฉe ุจุงูุจูุทููุณ ููุง ูุงุนุฏ ุชูุฏู ูู ุงููุฌุชูุน ุนูู ุงูุฃุดูุงู ูุงุฐู ูุงุนุฏ ุงูุงูุงุฑุงุช ุงุทุฑุฏ ูู ุงูุชููุณูุงุช,2017-12-25T20:32:09+0000,https://www.facebook.com/EttounsiyaTV/photos/a.142319959172062.29461.136462473091144/1822490581154983/?type=3&theater
ุชู *** **** ****,2017-12-25T20:17:26+0000,https://www.facebook.com/EttounsiyaTV/photos/a.142319959172062.29461.136462473091144/1822490581154983/?type=3&theater
ุจุฏุงูุชูุง ุจููุชูุจ,2017-12-25T22:46:03+0000,https://www.facebook.com/EttounsiyaTV/photos/a.142319959172062.29461.136462473091144/1822490581154983/?type=3&theater
ุจุฑุจู ูุฒู ูุชุงูุงูุงุช,2017-12-25T22:45:21+0000,https://www.facebook.com/EttounsiyaTV/photos/a.142319959172062.29461.136462473091144/1822490581154983/?type=3&theater
ุจุงููู ุฃููููุง ุงููุถุงูุญ ูู ููุงุฉ ุงูุญูุงุฑ ุงูุชููุณู ุฑูู ุนููุชู ุงูุนุงุฑ,2017-12-25T22:47:00+0000,https://www.facebook.com/EttounsiyaTV/photos/a.142319959172062.29461.136462473091144/1822490581154983/?type=3&theater
ููููู ุญููุฉ ุนูู ุงูููุงุณ ุจุงุด ูุทูุน ุจุดุฑู ุชุฑููุณ ูู ุฏูุฑ ุงูุถุญูุฉ...ูุชุญุฏุงู ูุง ููุฑู ุชููู ูููุงู ุณุฑู ุญูุฉ ุชู ููุงูุง ุฌูุนุงู ูู ุงููุบุงุฒุฉ ูุถุฑุจ ุนุงู ุญุจุณ ู ูุฐู ุชุดู ุงููููุงููู ุชุดุฏ 3 ุฃุดูุฑ ููุท,2017-12-25T18:41:15+0000,https://www.facebook.com/EttounsiyaTV/photos/a.142319959172062.29461.136462473091144/1822490581154983/?type=3&theater
ุงู ูุง ูุงูุฑ ุงูุนุดุฑู ูุงูุฎูุฑ ูุน ุงูุฑุฌุงู . ููู ุฌูุช ุฑุงุฌู ุฑุงุงุงู ูููุช ูุน ุฒูููู ูุตุฏููู ุณููุฑ ุงููุงูู . ูู ุชุณุชุทูุน ุญุชู ุงูููุงู ุจูุงุฒุฉ ุชุงุน ูุฎูุฉ ูุชููู ุญุชู ูุน ุนุงุฆูุชู ูุฎุงุตุฉ ุงูู  ุงูุชู ุชุนุชุจุฑู ุงุจููุง ูุชุฑูุน ูู ูุนูุงููุชูุง ูู ูุฐู ุงููุญุถุงุช ุจุงูุฐุงุช . ุงูุง ุงูุช ุจูุช ุนูู ุญูููุชู ุชุงุงุงุงุงุน ุงูุซู . ุชูููููููู ุนููู ูุนูู ุจุฑูุงูุฌู ููู ุงูุงุญุฏ ูุง ูููู ูู ุญุฏ. ูุจุฑูุงูุฌู ุญูุงูุงุช ุชููุณูุฉ . ููุจูู ุจุฑูุงูุฌ ุณููุฑ ููู ูุฌุฑู ููุท ูู ุงูุจุฑูุงูุฌ ุงููุญูุฏ ุงูุฐู ูู ุชุณุทุชุน ุงู ููุงุฉ ุชููุณูุฉ ุชุนูุถู . ูุงูู ูุจุจุณุงุทุฉ ูุงู ูุงุฌุญ ุจุงุชู ุงููุนูู ....!,2017-12-25T18:57:57+0000,https://www.facebook.com/EttounsiyaTV/photos/a.142319959172062.29461.136462473091144/1822490581154983/?type=3&theater
ูุงููู ุงูููู ุถุงูุฑ ูููุง ุฏุณูุฉ ุฌุฏุง ููุถ.ุน ุจูุงุก ุงููุฑุฌุน ุงูููู ุงุณุงูุฑ  ุดูุชู ุนูุงุด ุจุณุจู ูู ุงูุณุงุณุง ุฎุงุทุฑ ุนูุฏูุง ุงุนูุงู ูููุง ูุฐุง   ูุงูุนุฏูู ูุงู ุงูุฒุจูุฉ ุงูุฒุญ ูุงู ุชููู ุนููุฉ ูู ุงููุจุฑ ุงุด ุชููู,2017-12-25T19:06:55+0000,https://www.facebook.com/EttounsiyaTV/photos/a.142319959172062.29461.136462473091144/1822490581154983/?type=3&theater
Sami semahni rak tayaht kadrek m3a barcha chlyek normallement me ychewhounech les medias.keyeni ntfarj fi mornegeya wela 9 avril lmjerma welklocharat lkol jebthom.,2017-12-25T19:13:27+0000,https://www.facebook.com/EttounsiyaTV/photos/a.142319959172062.29461.136462473091144/1822490581154983/?type=3&theater
ููุจ ุณุนุฏู ูุง ุณุงููุ ูุง ุญุงููุ ุงููุงุณุฏูู ูุงููุงุณุฏุงุช ูุงุ ูุฎุฑุจ ุงููุฌุชูุน ูุง ุชูููุด ุฏูุนุชููุง ุงููููุณ ุจุงุดุ ุฎุฑุฌุช ูุฒูุฏุ ุฌุงูุจูุง ูู ุงูุชููุฒุฉ ุญุณุจูุง ุงููู ููู,2017-12-25T18:38:01+0000,https://www.facebook.com/EttounsiyaTV/photos/a.142319959172062.29461.136462473091144/1822490581154983/?type=3&theater
ุงูุณุงูู ุณุงูู ุงูููุฑู ุตุงุญุจ ููุงุฉ ุงูุนุงุฑ ู ุงููุณุฎุฑุฉ ููุด ุนุฌุจ ููู ูุณุชุถูู ูุงูุงุดูุงู ุงููุงุณุฏุฉ ู ุงูููุญุทุฉ ู ุตุนุงููู ุงููุฌุชูุน,2017-12-25T20:44:17+0000,https://www.facebook.com/EttounsiyaTV/photos/a.142319959172062.29461.136462473091144/1822490581154983/?type=3&theater
ุณุทุญู ู ุชุงูู ู ุฒูุฏ ุชุณุฑู ูู ุงููุงุฑ ุจุฑุงูุฌ ุงุฌูุจูุฉ ู ุชูุจุณ ูููุง ููุดุนุจ .. ุตุญุฉ ููู..  ุนูุด ูุง ุจูุงุฑุฌ,2017-12-25T19:38:32+0000,https://www.facebook.com/EttounsiyaTV/photos/a.142319959172062.29461.136462473091144/1822490581154983/?type=3&theater
ูุฐุง ุงููุงุฆู ุงููุฏุนู ุจุงูููุฑู  ููู  ุฑุจู ุจูุงุชู .  ููุณ ุงูููุฌ ุงูุฐู ููุนูู ูุน ุจูุงุชูุง ู ูุฌุชูุนูุง. ุงู ุฃู ุงููุฌุชูุน ุงูุชููุณู ุฅูู ุงูุฌุญูู ู ุจูุงุชู ุฅูู ุงููุนูู.,2017-12-26T07:12:03+0000,https://www.facebook.com/EttounsiyaTV/photos/a.142319959172062.29461.136462473091144/1822490581154983/?type=3&theater
Hhhh testahlk wt5roi wtzid tji tmed manderha lfesed la 5ir la feha weli bech yetfarej feha,2017-12-25T19:20:26+0000,https://www.facebook.com/EttounsiyaTV/photos/a.142319959172062.29461.136462473091144/1822490581154983/?type=3&theater
ุบูุทุฉ ุนูุฑู ุฅูู ุฃูุง ูุชูุฑุฌ ุนูููู!,2017-12-25T18:31:50+0000,https://www.facebook.com/EttounsiyaTV/photos/a.142319959172062.29461.136462473091144/1822490581154983/?type=3&theater
"ุชุญุณูุง ููุงุฉ ุงูุญูุงุฑ ุชูุจุท ูู ุญุงุฌุงุช ูููุง ููุง  ุจุงูุนุงูู ุจุงุด ูุชุณุจู  ุ ุญุจ ููุจุฎุต ุุ "" ุจุชููุชูุง ูู ุงูุดุชููุฉ "" ู ุนุงูุดูู ุจููุง ..",2017-12-25T22:51:00+0000,https://www.facebook.com/EttounsiyaTV/photos/a.142319959172062.29461.136462473091144/1822490581154983/?type=3&theater
ุญุซุงูู ูุง ุชุณุชุญู ุงูุงูุชุจุงู ูุง ููู ู ุชุงููุฏ  ุงูููุฑู ู ุชูุฑุงุฑ ููุณุคุงู ุงูู ูุง ุนูุงูุฉ ูุงุณุชููุงููุง ูููุฎุฏุฑุงุช  ุจุงูููุฑู ูููููู ุชูุงูู ูุงูุชุงู ุชูุนู ูู ุจูุงุฏ ุบุงุฑูู ูู ุงููุณุงุฏ ู ุงูุณุฑูู.... ูุงุฐุจู ุชูุฏ ูู ูุฌูู... ูุฒุงู ุนูุฏูุง ุนูู ู ุชุชูู ู ููู ูุงูุฑูุจุฑุชุงุฌ ููุฒุฒ.... ูู ุงุฌู ุงูุญุตูู ุนุงููุงู ููุนูู ูู ุดู,2017-12-25T23:05:42+0000,https://www.facebook.com/EttounsiyaTV/photos/a.142319959172062.29461.136462473091144/1822490581154983/?type=3&theater
La 5ir fi Sami ili mistad3iha la 5ir fiha wala la ti7chim tihiya 7ata isim sa7ibha wa7do mochikla,2017-12-29T10:59:36+0000,https://www.facebook.com/EttounsiyaTV/photos/a.142319959172062.29461.136462473091144/1822490581154983/?type=3&theater
Qui se semble se ressemble y'a mรฉdias de la honte normalement tu est en prison comme escroc Samir wafi,2017-12-25T21:28:45+0000,https://www.facebook.com/EttounsiyaTV/photos/a.142319959172062.29461.136462473091144/1822490581154983/?type=3&theater
9a3ed tekhser fi nesbet mochehda kbira Ya siiiiiiiii samsoum.min jibanek fi hal manadher 3amlelhom som3a w 9dar,2017-12-25T18:44:59+0000,https://www.facebook.com/EttounsiyaTV/photos/a.142319959172062.29461.136462473091144/1822490581154983/?type=3&theater
ุญููุฉ ููุจุฑูุฉ ุจุงุด ูุฎุฑุฌูุง ูุงูุดุนุฑุฉ ูู ุงูุนุฌูู ..,2017-12-25T18:44:44+0000,https://www.facebook.com/EttounsiyaTV/photos/a.142319959172062.29461.136462473091144/1822490581154983/?type=3&theater
ูู ููู ุงููุง ููุจ,2017-12-25T18:34:49+0000,https://www.facebook.com/EttounsiyaTV/photos/a.142319959172062.29461.136462473091144/1822490581154983/?type=3&theater
ุนูููุฉ ุชุจููุถ ูุจู ุงููุงุฏ ูููุฏุฉ,2017-12-25T18:36:18+0000,https://www.facebook.com/EttounsiyaTV/photos/a.142319959172062.29461.136462473091144/1822490581154983/?type=3&theater
ูุจ ุณุนุฏู ุณุฏูุง ุณุงูู.,2017-12-25T19:51:31+0000,https://www.facebook.com/EttounsiyaTV/photos/a.142319959172062.29461.136462473091144/1822490581154983/?type=3&theater
***ุฑุฌุงู ูุนูู ุจููู ุฑุจู ู ุณุงูู *** ุฌุงูุจ,2017-12-25T19:55:56+0000,https://www.facebook.com/EttounsiyaTV/photos/a.142319959172062.29461.136462473091144/1822490581154983/?type=3&theater
malqit chkoun tjib,2017-12-25T18:36:22+0000,https://www.facebook.com/EttounsiyaTV/photos/a.142319959172062.29461.136462473091144/1822490581154983/?type=3&theater
Madem m3aha semi labes hhhhhhhhhh,2017-12-25T22:37:50+0000,https://www.facebook.com/EttounsiyaTV/photos/a.142319959172062.29461.136462473091144/1822490581154983/?type=3&theater
ุงูุฑุงุนู ุงูุฑุณูู ูููุณุงุฏ ููุฏ ุงูููุฑู,2017-12-25T18:46:18+0000,https://www.facebook.com/EttounsiyaTV/photos/a.142319959172062.29461.136462473091144/1822490581154983/?type=3&theater
Mela menether hmd matferjtech fiha,2017-12-26T09:31:43+0000,https://www.facebook.com/EttounsiyaTV/photos/a.142319959172062.29461.136462473091144/1822490581154983/?type=3&theater
Dhahir m5arejha sami fehri 9owet flous,2017-12-25T18:34:38+0000,https://www.facebook.com/EttounsiyaTV/photos/a.142319959172062.29461.136462473091144/1822490581154983/?type=3&theater
ููุงุฏู ูุฌูู ูุง ุณุงูู ุชุชุตูุฑ ูุนุงู. quelle fiertรฉ,2017-12-26T03:11:45+0000,https://www.facebook.com/EttounsiyaTV/photos/a.142319959172062.29461.136462473091144/1822490581154983/?type=3&theater
Semi rabi yehdik se3ate eda5alha fi 7ite,2017-12-26T16:58:03+0000,https://www.facebook.com/EttounsiyaTV/photos/a.142319959172062.29461.136462473091144/1822490581154983/?type=3&theater
ููุง ุฑูุนุฉ ู ููุง ูุณุฎ ู ููุง ุณุญุช ุนูู ุนููุง ุงูุญู ููุด ููู ูู ุฃูู ุฌุงุจู ููุชููุฒุฉ,2017-12-28T21:14:29+0000,https://www.facebook.com/EttounsiyaTV/photos/a.142319959172062.29461.136462473091144/1822490581154983/?type=3&theater
mala fdayh fikom ya  tounisia,2017-12-26T14:02:36+0000,https://www.facebook.com/EttounsiyaTV/photos/a.142319959172062.29461.136462473091144/1822490581154983/?type=3&theater
ุจุฏูู ุชุนููู ููู ูุตููุง ููู ุชูุฒ ูููุง ููุฏุฑุฌุฉ ูุฐู,2017-12-26T13:00:07+0000,https://www.facebook.com/EttounsiyaTV/photos/a.142319959172062.29461.136462473091144/1822490581154983/?type=3&theater
chnya fama satar ma3koum hhhhhhh mala tounise,2017-12-25T22:06:12+0000,https://www.facebook.com/EttounsiyaTV/photos/a.142319959172062.29461.136462473091144/1822490581154983/?type=3&theater
ุชููููููู,2017-12-25T19:00:45+0000,https://www.facebook.com/EttounsiyaTV/photos/a.142319959172062.29461.136462473091144/1822490581154983/?type=3&theater
ููู,2017-12-26T03:20:45+0000,https://www.facebook.com/EttounsiyaTV/photos/a.142319959172062.29461.136462473091144/1822490581154983/?type=3&theater
ุณุงูู ููุฏ ุนูุงุก ุงุญุดู ุนูู ุฑูุญู ุจุงุด ูุฌูู ููุงุฑ ูุง ุณุงูู ููุฏ ูุทูู,2017-12-25T19:31:50+0000,https://www.facebook.com/EttounsiyaTV/photos/a.142319959172062.29461.136462473091144/1822490581154983/?type=3&theater
ุงุตูุง ุงูุญุตุฉ ูุฐู ุจุตุฑุงุญุฉ ุดููุช ุงูุจุฑุงูุฌ ุงูุชููุณูุฉ ุจุฒุงู,2017-12-27T22:44:40+0000,https://www.facebook.com/EttounsiyaTV/photos/a.142319959172062.29461.136462473091144/1822490581154983/?type=3&theater
tfouh 3lik wa3lih,2017-12-26T12:10:06+0000,https://www.facebook.com/EttounsiyaTV/photos/a.142319959172062.29461.136462473091144/1822490581154983/?type=3&theater
ูู ุดูุก ุงููุจุฑู ูุง. ........ุชูุช,2017-12-25T22:49:21+0000,https://www.facebook.com/EttounsiyaTV/photos/a.142319959172062.29461.136462473091144/1822490581154983/?type=3&theater
Tfouh 3likom,2017-12-27T15:41:35+0000,https://www.facebook.com/EttounsiyaTV/photos/a.142319959172062.29461.136462473091144/1822490581154983/?type=3&theater
Hhhhhh Mezl Eci l9dm,2017-12-26T01:09:24+0000,https://www.facebook.com/EttounsiyaTV/photos/a.142319959172062.29461.136462473091144/1822490581154983/?type=3&theater
Hiya **** w cami 5amj,2017-12-25T19:44:01+0000,https://www.facebook.com/EttounsiyaTV/photos/a.142319959172062.29461.136462473091144/1822490581154983/?type=3&theater
ุดู ุฅุญุดู ูุงููู ูููุด ุนุงุฏู ูููุงู ุจุจ ุจุจ ุจุจ ุจุจ ุจุจ ุจุจ ุจุจ ุจุจโฆ,2017-12-25T18:47:12+0000,https://www.facebook.com/EttounsiyaTV/photos/a.142319959172062.29461.136462473091144/1822490581154983/?type=3&theater
ุจุฏูู ุชุนูููููููููููููููููููููููููููููููููู,2017-12-25T18:58:37+0000,https://www.facebook.com/EttounsiyaTV/photos/a.142319959172062.29461.136462473091144/1822490581154983/?type=3&theater
ูุฐูุน ุชุงูู ุฌุฏุง ูุนุฑู ุบูุฑ ูุนูุงูุง ูุนูุงูุง ูููู,2017-12,https://www.youtube.com/watch?v=XpUt_n7pWcc
 ุงูุดุจุงุจ ุงูุชูุงูุณุง ุนูุฏูู ุฏูุชูุฑุง ููุชุฑูุณ ูุงููุงูุด ุฎุฏูุฉ ูุงูุช ุงุณุงูู ุงูููุฑู ุฌุงูุจ ุงูุฑููู ุงูุณุฎ ุงุชุฎุฏู ููู,2017-12,https://www.youtube.com/watch?v=XpUt_n7pWcc
Avec toutes mes respects  explique nous c'est quoi l'intรฉrรชt de cette รฉmission,2017-12,https://www.youtube.com/watch?v=ofdgEa7dvUY
ูุฐูุน ูุงุดู,2017-12,https://www.youtube.com/watch?v=ofdgEa7dvUY
ุจูุงุทู ููููุด ูุญุฏุฉ ูุชุญุฌุจุฉ ุนุฌุจ ูุฐููุง ูุณูููู!!!!?,2017-12,https://www.youtube.com/watch?v=ofdgEa7dvUY
"Franchement les sujets que vous posez dernierement mastin, badlou chwaya w jiboulna 7ajet a9wa fiha chwaya drama w chwaya suspense Sami",2017-12,https://www.youtube.com/watch?v=ofdgEa7dvUY
"Sami with Mounir you have missed a very interesting point that is a plus for Tunisia! The point is that the Tunisians are very open , sociable and very welcoming!",2017-12,https://www.youtube.com/watch?v=ofdgEa7dvUY
ุงููุฎุฑุฌ ูุงุดู ูุบููุง ููุง ูุนุฑู ููุงุนุฏ ุฑุณู ุงูููุฒุฉ ุญูุซ ูุชุจ [ุงููุงุช ููุฏู ุงุจูุงุฆูู ] ูุงูุฃุตุญ โุงุจูุงุกูู๏ปฟ ,2017-12,https://www.youtube.com/watch?v=u6W1WvmjCmY 
 ุดูู ููุงุถูุน ุฃุฎุฑู  ูุญุณู ูุชุน ูุฏุฉ ุงูููุถูุน ูุฐุง ุฃุญูู ุนูู ููุถูุน  ุงูุฒูุฌุฉ ุงูุซุงููุฉ ูู ุชููุณ ูู ุดููู ูุนุฑุณ ุนุฑูู  ุนูู ูุฑุชู ู ุฌุงูุจ ุตุบุงุฑ ู ูุณุชูุฑ  ุฃุญูู ุนูู ุงูุงูุชุฆุงุจ ู ููุงู ูุง ูููููุด ุจูู ู ูุง ูุฌููุด ูุชุนุงููู ูุนุงู ุจูุถุฌ ูู ูุฌุชูุนูุง ุฃุญูู ุนูู ุงูุฌูููุงุช  ู ุงููุนุงูุงุฉ ูู ุงูุฒูุงุฌ ู ุงูุฎุฏูุฉ ู ูุน ุงูุตุบุงุฑ ู ููุช ุชููู ุชุนูุด ูู ุฌูุฉ ุฃุฎุฑู ุฃุญูู  ุนูู ุงูุดุนูุฐุฉ ู ุนูู ุงูููุณ ู ุนูุงูุงุชูู ุจุจุนุถูู ุฃุญูู ุนูู ุงูุฏูู ู ุนูู ุงูุฃููุงุฑ ุงููุชุดุฏุฏุฉ ู ุงููุชุณุงูุญุฉ ุฃุญูู  ุนูู ุงูุฃุจุฑุงุฌ ุดูู ููุถูุน  ูุฌุจุฏ ุงููุงุณ ู ุฑุจู ูุนุงูู๏ปฟ ,2017-12,https://www.youtube.com/watch?v=RVarazVfOSw
ุนููุงู ุงูุญููู ุฒุจุงูู ุงุฒุจู ููุถูุน ูู ุญูุงูุงุช ุชููุณูู,2017-12,https://www.youtube.com/watch?v=P1KxCJgVYjI
sami rak fadatni   5ali  asada et le dr fasrou ma3adch tou9s 3alahom  mouch ma39oul,2016,https://www.youtube.com/watch?v=P1KxCJgVYjI
Sami fahri fashil fi idarit el7iwar kan 3atah. Li alaa shabi 5ir ,2016,https://www.youtube.com/watch?v=cCb7X13FvxA
"ya sami ya wild el fehri raja3 vidรฉo รฉpisode 3 du 12/12/2016 partie 3 elli fiha 1:14:12 s w sayeb alik enti tmout ala elfdayeh fi assrar el famille tunisien  , 9a3ed tale3eb bi ennar w lahi tsamser bil hkayet tounisia elli yadfa3 tfasakhlou vidรฉo mta3ou , rahna chal9ine bik!!!!?",2016,https://www.youtube.com/watch?v=cCb7X13FvxA
ูุงุฑุซุฉ ุชููุณู๏ปฟ,2016,https://www.youtube.com/watch?v=cCb7X13FvxA
"bellehi mathamech wa7ed borjwazi ygoul : "" sami ena fin tawa ! "" walla ygoul : ""sami saker lbarnamej !""๏ปฟ",2016,https://www.youtube.com/watch?v=cCb7X13FvxA
mamstou hal barnaej,2016,https://www.youtube.com/watch?v=cCb7X13FvxA
"l'animateur parle trop , plus que ses invitรฉs; c'est pas normal๏ปฟ ",2017-01,https://www.youtube.com/watch?v=cCb7X13FvxA
Semi berjoulia yesser jaltam ched lsenek chwaya ,2017-01,https://www.youtube.com/watch?v=cCb7X13FvxA
 ุงูููุฏู ุบุจู ูููู ูุงุชุชูููููุด ุนูู ุงูุณูุงู ููุงุชูุฐูููุด ููู ูุชูููู ููุง ุญูุงูู๏ปฟ,2016,https://www.youtube.com/watch?v=cCb7X13FvxA
an barnemej yi3ayef mayitabe9ech 3ala wade3 tounes el manayka 3alalekher,2016,https://www.youtube.com/watch?v=cCb7X13FvxA
ye sami rak ๐ฉ๐ฉ๐ฉ๏ปฟ ,2016,https://www.youtube.com/watch?v=cCb7X13FvxA
barnemej i3ayef vraiment l bereh owel marra na7chem eli ena tounseya,,https://www.youtube.com/watch?v=cCb7X13FvxA
ุชูููุฏ ุฃุนูู ููุจุฑูุงูุฌ ุงููุจูุงูู ุฃุญูุฑ ุจุงูุฎุท ุงูุนุฑูุถ ุญุชู ุฏูููุฑ ุงูุงุณุชูุฏูู ููุณู ูู ุดู ูููุฏ . ูุง ุชููุฏ ูุงุณุงูู ุงูููุฑู ุจู ุงุจุชูุฑ ููู ุชููู ูู ุงูููุฏูู,2017,https://www.youtube.com/watch?v=cCb7X13FvxA
Copie Toute Une Histoire France2 !!,2017,https://www.youtube.com/watch?v=fSu25ofxN5U
Programme rรฉaliste et trรจs sophistiquรฉ au niveau du dialogue,2017,https://www.youtube.com/watch?v=fSu25ofxN5U
ุจุฑูุงูุฌ ุจุตุฑุงุญุฉ ูุงุณุท ูุชุญุณู ุณุงูู ุงูููุฑู ูุญูู ุฃูุซุฑ ูู ุงูุถููู,2017,https://www.youtube.com/watch?v=fSu25ofxN5U
jebtou el 3ar tfih alikom,2017,https://www.youtube.com/watch?v=fSu25ofxN5U
malla barnemej malla moustewww 3bedd niveau taya7,2017,https://www.youtube.com/watch?v=fSu25ofxN5U
hadha fi 3oudh 3andi mankolak ikeb sa3adakom ontouma tafadha7ou fi elnass fi eldenya w rabi yafdha7kom fi elakhra inchalah,2017,https://www.youtube.com/watch?v=l95iJTBf76o
comme dab mache3er nas lel tijara w el titre yetbadel,2017,https://www.youtube.com/watch?v=l95iJTBf76o
"rien de nouveau,c'est du copier coller.JEAN LUC DELARUE",2017,https://www.youtube.com/watch?v=l95iJTBf76o
fthyah tounes,2017,https://www.youtube.com/watch?v=l95iJTBf76o
ูู ุณู ุนูุงุก ูุฒุงูู  ุงูุจุฑูุงูุฌ ูุฐุง ูุงุฒูู ููุฏู ูุฎุชุต ู ูุชุซูู ูุด ูููุง ูุฐุง ููููู ุนูููุง ู ูุงูุนุฑูุด ูุญูู ู ูุชุฏุฎู,2017,https://www.youtube.com/watch?v=l95iJTBf76o
barnemej tefeh ou mawdhou3 tefeh chawaya e7tiram lila mezelou mze rzo9homch rabbi,2018-01-02T12:47:42+0000,https://www.facebook.com/EttounsiyaTV/photos/a.142319959172062.29461.136462473091144/1831659466904761/?type=3&theater
ุณุฎุงูุงุช,2018-01-01T21:17:52+0000,https://www.facebook.com/EttounsiyaTV/photos/a.142319959172062.29461.136462473091144/1822489981155043/?type=3&theater
"fehri il 5amij jayib aswar il 5amja il malhit imta3 tarmouz imta3 cocain bach ibayitha we i5arijha kayinha madlouma saha lik tounis ali chadinha mouch rjel allah tar7amlik waldik ya fehri ali ma3rfouch irabiwik ya wil il hajala"",",2017-12-25T17:56:17+0000,https://www.facebook.com/EttounsiyaTV/photos/a.142319959172062.29461.136462473091144/1822489981155043/?type=3&theater
Dimokrati  hokouk 3adela intikalia  ken jaa wehed zawali  raho fi galboo .....cha3b mou8afeell....,2017-12-25T17:58:43+0000,https://www.facebook.com/EttounsiyaTV/photos/a.142319959172062.29461.136462473091144/1822489981155043/?type=3&theater
ูููู ุญููุฉ ูุงููููุน ุงูุงุฒุฑู ูุธูุฑ ูููุง ูููู,2017-12-25T17:55:19+0000,https://www.facebook.com/EttounsiyaTV/photos/a.142319959172062.29461.136462473091144/1822489981155043/?type=3&theater
ุญูุงูุงุช ุทููุงููู,2017-12-25T18:22:39+0000,https://www.facebook.com/EttounsiyaTV/photos/a.142319959172062.29461.136462473091144/1822489981155043/?type=3&theater
ุญูุงูุงุช ููุฌูุฉ ๐๐,2017-12-27T09:47:19+0000,https://www.facebook.com/EttounsiyaTV/photos/a.142319959172062.29461.136462473091144/1822489981155043/?type=3&theater
Brabi y'a mi*** elbled mouche na9sa 9oh**,2017-12-25T17:49:23+0000,https://www.facebook.com/EttounsiyaTV/photos/a.142319959172062.29461.136462473091144/1822489981155043/?type=3&theater
ุฎุฑุฌุชูุง ูู ุงูุญุจุณ ูุชูุง ุจุงุด ุชุฑุฏูุง ุดุฑููุฉ,2017-12-25T18:04:02+0000,https://www.facebook.com/EttounsiyaTV/photos/a.142319959172062.29461.136462473091144/1822489981155043/?type=3&theater
ุญุตุฉ ูุงุดูุฉ,2017-12-25T18:10:22+0000,https://www.facebook.com/EttounsiyaTV/photos/a.142319959172062.29461.136462473091144/1822489981155043/?type=3&theater
ou il ha9 il 3am fi 9adhyet akede3ra,2017-12-25T21:52:17+0000,https://www.facebook.com/EttounsiyaTV/photos/a.142319959172062.29461.136462473091144/1822489981155043/?type=3&theater
Ghaltet omri lkit rouhi takhlakt fi touness..,2017-12-25T18:25:08+0000,https://www.facebook.com/EttounsiyaTV/photos/a.142319959172062.29461.136462473091144/1822489981155043/?type=3&theater
Inta wld blad ya3il yasohyoniiiik,2017-12-26T16:13:25+0000,https://www.facebook.com/EttounsiyaTV/photos/a.142319959172062.29461.136462473091144/1822489981155043/?type=3&theater
ุณุงูู ุงูููุฑู ูุฑูุงุตุฉ ุงุณุงูุฑ ุจุด ูููุนููุง ุตูุฑุชูุง,2017-12-25T18:01:25+0000,https://www.facebook.com/EttounsiyaTV/photos/a.142319959172062.29461.136462473091144/1822489981155043/?type=3&theater
7kayet 3al7it mouch tounsiya,2017-12-25T21:43:53+0000,https://www.facebook.com/EttounsiyaTV/photos/a.142319959172062.29461.136462473091144/1822489981155043/?type=3&theater
ูุง ููุงุด ุญูุงูุงุช ุชููุณูุฉ ูุง ุฎุฑู ุจุฏู ุงูุนููุงู,2017-12-25T20:25:54+0000,https://www.facebook.com/EttounsiyaTV/photos/a.142319959172062.29461.136462473091144/1822489981155043/?type=3&theater
ูุณูุทููุฉ....ูุฏูุช,2017-12-25T17:55:21+0000,https://www.facebook.com/EttounsiyaTV/photos/a.142319959172062.29461.136462473091144/1822489981155043/?type=3&theater
ูุถูุญ ุชููุณู ููุด ุญูุงูุงุช ุชููุณูุฉ ูููููููููู,2017-12-26T00:10:11+0000,https://www.facebook.com/EttounsiyaTV/photos/a.142319959172062.29461.136462473091144/1822489981155043/?type=3&theater
ุณุงูู ุงูููุฑู ุฌุงูุจูุง ุจุงุด ุงุชุฒูุฏ ุงุชูุฑู ุงูู ุนูุฏูู ุงููุชุงู ูุนููู ุงูู ูุญุจู ููุฎุฑุฌู ููู ุงูุดุนุฑุฉ ูุงูุนุฌูู ุ ุจูุนูุง ุงุฎุฑ ุงุธุฑุจูููุง ุนุงูุทูุงุฑุฉ ู ุงูุง ุฌุงูุจูุง ุงุชูุธูููุง ูู ุชุตููุฑุชูุง ูุธูููุฉ ูุณูููุฉ. ุงุดุจูู ูุง ุฌุจุชุด ุงูู ุงุณุฑู ุญูุฉ ุทู ู ุดุฏ ุนุงู ุญุจุณ ุฎุงุทุฑู ุฌูุนุงู ู ูุนูุฏูุด ุ ูุฏุงุด ูุฑูุชููุฉ ูุงูุง ูุงูุจูุงุฏ ู ูุฏุงุด ุธูู ู ุญูุฑุฉ ู ู ู,2017-12-26T10:10:19+0000,https://www.facebook.com/EttounsiyaTV/photos/a.142319959172062.29461.136462473091144/1822889867781721/?type=3&theater
ูู  ุงูููุช ุงููู ุงูุนุงูู ุงููู ูุญูู ุนูู ุงูุฌุงุฒุงุช ุญุฑุงุฆุฑ ุชููุณ ูุณุชุฏุนูููุง ุณู ุณุงูู ุชุงุน ูุฐูู ุดูุงูุฉ ูุงูุช ูู ุงูุญุจุณ ุจุงุด ุชุญููููุง ุนูู ุงููููุงููู ูุงูุฑุฌุงู ุงูู ุฏุงุฎูู ุฎุงุฑุฌุฉ ุนูููุง ูู ุงููุงูู ุ ูุงูุงุฎุฑู ุงู ุตุบุงุฑ ุชุฎูู ูู ุฑุงุฌููุง ุจูู ูุฎุฑ ูุงุนุชุฒุงุฒ .... ูุง ุณุงูู ูุฎู ูุงู ูุงุจุงุณ ุ ูุงุฎู ุชุญุจ ุชูุถู ุนูููุง ุจุงูุถุฑุจุฉ ุงููุงุถูุฉ ... ุฑุจู ูุจููู ูููุง ุจูุงูู ..... ุงููููููููููููู ุดูุก ููุฏุฏ,2017-12-26T10:29:59+0000,https://www.facebook.com/EttounsiyaTV/photos/a.142319959172062.29461.136462473091144/1822889867781721/?type=3&theater
ุงุฐุง ูุงู ููุง ุดููู ุงุณุงุก ูููุฑุง ุงูุชููุณูุฉ ูุดูู ุตูุฑุชูุง ูุงูุนุงูู ุงููู ุฑุงู ูููู ู ุนูุงุก ูุณุงูู ุจุจุฑุงูุฌูู ุงููู ุชุถูุฑ ุจูุงุช ุชููุณ ุจุตูุฑุฉ ุนุงูุฑุฉ ุชุชุจุงุน ูุชุชุดุฑู ุูุงูุณุชุฏุนุงู ูุงู ุงููุณุฎุฉ ู ุงุฎุชูุง ุู ุงููู ุชุนุฑู ุงูุซุฑ ูุจุฌูููุง ููุถูุฑููุง ุ ูุงู ููุง ุฑุฌุงู ููุณุงุก ุตุญุงุญ ูุฏููุฉ ุชุญุชุฑู ูุณุงูุง ุจุงูุญู ุงูุจุฑุงูุฌ ู ุงููููุงุช ูุฐู ูุงุฒููุง ุชุชุณูุฑ ู ุงููุงุณ ูุฐู ูุงุฒููู ูุชุญุงุณุจู ููุฎุฑ ู ุนุงููุฎุฑ,2017-12-26T10:23:17+0000,https://www.facebook.com/EttounsiyaTV/photos/a.142319959172062.29461.136462473091144/1822889867781721/?type=3&theater
.ูุฌุชูุน ุซุฑุซุงุฑ...ุฃุตุฏูุงุก ุญููู...ูุฏุงุฑุณ ุชุงููุฉ...ุฃุบููุงุก ูุชุนุฌุฑููู...ูุณุงุก ููุญุงุช...ุดูุงุฑุน ูุชุณุฎุฉ...ุชููุงุฒ ุฃุฎุฑู...ุนุงูู ุฅูุชุฑุงุถู ุชุงูู.....ูุชุฏุงูููู ุนูููุง ู ุชูุถู ุงูุญูุงุฉ ุฅูู ุญูุซ ูุง ูุนูู,2017-12-26T10:21:26+0000,https://www.facebook.com/EttounsiyaTV/photos/a.142319959172062.29461.136462473091144/1822889867781721/?type=3&theater
ุงุนูุงู ุงููุฎุฏุฑุงุช ูุงูุฒูู ูุจุซ ุงููุงุญุดุฉ ุจูู ุงููุงุณ...ุงููู ููููู ูุง ุณุงูู ุงููุฐุฑ ุงูุช ููู ุงููุณุงุฏ ูุงุดุจุงู ุงูุฑุฌุงู ุงูู ูุจุซูุง ูู ุงูุณููู ูุนู,2017-12-26T10:24:24+0000,https://www.facebook.com/EttounsiyaTV/photos/a.142319959172062.29461.136462473091144/1822889867781721/?type=3&theater
ุชุจุงุฑูุงููู ุนูู ุงูุงุนูุงู ุฌุงูุจููููุง ูุงุฑู ูููุดุงุฑุงุช ูุชุน ุงุณุชููุงู ุฒุทูุฉ ู ููุธุฑ ูููุจ ูุชุน ุชูุซูู ุงุฏูุงุฑ ุงุจุงุญูุฉ ู ููููุจู ูู ุงูุญุฏูุซ ู ููููู ูุธููููู ูุญุจููุง ุจุงูุณูู ููุชูุนู ุงูู ูุงูุงุดูุงู ูุฐู ูุธูููุฉ ููุด ููู ุชุนุฏููู ุงูุงู ุงููุฑุงุช ุชุจูู ููุงุธุฑ ูุงุณุฏุฉ ูุงุณุฏุฉ ูุงูู ููุด ุนุงุฌุจู ููุณุฑ ูุฑูู ูุง ูุณุงุฏ,2017-12-26T11:37:39+0000,https://www.facebook.com/EttounsiyaTV/photos/a.142319959172062.29461.136462473091144/1822889867781721/?type=3&theater
"ุจุตุฑุงุญุฉุ ูุฐู ูุงู ูู ุงูููุฑูุถ ุงู ูุง ุชุธูุฑ ูู ุงูุจุฑูุงูุฌ ููุง ูู ุญุชู ูู ุจุฑุงูุฌ ุงุฎุฑ ุญุชู ููุณุงูุง ุงูุฒูู. ุถุญููุง ูุงุณุชูุชุงุฑูุง ูู ููุถูุน \"" ุบูุท ุบูุทุช ุนูุฑู\"" ูู ุชุจุฏู ูู ูุงุฏูุฉ ุนูู ูุง ุงูุชุฑูุชู.  ุชูููุช ุนูู ุงูููููุนุงุช ูุงูู ูู ููู ุดูุฆุง. ูุง ุฃุฑูุฏ ุงู ุฃููู ูุงุณูุฉ ุนูููุง ูููู ุณุฃููู ููุชูุฏุฉ ุงูุฅุนูุงู. ููููุง ูุตูุญูู  ููุจูุฏ",2017-12-27T05:34:43+0000,https://www.facebook.com/EttounsiyaTV/photos/a.142319959172062.29461.136462473091144/1822889867781721/?type=3&theater
ูุงุฌุฑุฉ ุจุฅูุชูุงุฒ ูู ุงูููุฑู ุฌุงุจู ูุงุด ููุดุฑ ูุถุงูุญู ุนูู  ุงูููุงุก ูุง ...........ุชุญุณุงุจู ุฌุงุจู ูุญุจุฉ ููู ูุง ุณุงูุทุฉ ูู ูุญุฏู ุซูู ุงููุทูุณ ููุตุฏุงุทุด ูุฑุจู ููู ูู ุดูุก ุจูู ูุง ุบุจูุฉ ูุง ูุชุงุน ุงููููุงููู ุงููู ูููููู ุฏูุฑุฏู ุงูุจูุงุฏ,2017-12-27T16:00:24+0000,https://www.facebook.com/EttounsiyaTV/photos/a.142319959172062.29461.136462473091144/1822889867781721/?type=3&theater
ุจุฑุจู ุดูู ุงูุฌุฑุงุซูู ููุฌุงูุจูุง ุงูููุจ ุณุงูู ุนุฑู .ุฒูุง .ุฒุทูุฉ. ุงูุนุงูุฑุงุช ูู ุงูููุฏูุฉ ู ุงูุฅุนูุงู ูููุญูู ูุถุงุก ุฃูุณุน ููุดุฑ ูุฐุงุฑุชูู .. ูุง ุญุดูุฉ ู ูุง ุงุณุชุญูุงุก .. ุฌุงูุจูู ุจุงูุธู ุตูุฑุฉ,2017-12-26T20:00:53+0000,https://www.facebook.com/EttounsiyaTV/photos/a.142319959172062.29461.136462473091144/1822889867781721/?type=3&theater
ุงููููู ูุงุฎู ูุงุดู ูู ุจุงููู 11ููููู ุชููุณู ูุงูู ุจุงูุฃุฎุจุงุฑ ููุง ุฃุณุงูุฑ ูุฐู ููุฉ ูุบุฑููุฉ  ุจููุงุช ุงูุญูุงุฑ ุชููุณู ูุฒูุฏ ุณูุจ ูุฏุงุด ุชูุจุดู ูู ูุญููุงุช ุชุงููุฉ ุดูู ูุงุณ ุฃุฎุฑูู ุงููุง,2017-12-26T10:58:49+0000,https://www.facebook.com/EttounsiyaTV/photos/a.142319959172062.29461.136462473091144/1822889867781721/?type=3&theater
ูููุง ูุชุงุน ุดูุดู ุชุชุจุฑุจุฑ ูู ุงูุญุฑุงุฑู ูุชุชูุฑูุฑูู ุงูุจุฑูุฏู ูุงุณ ูุฐู ุนูุฏูุง ุญุตุงูู ูู ููู ูููุทุง ุจุจุฏููุง ูููุฏุงููุง ููุณุงููุง ููููุณูุง ุชุณูููุง ุงูููู ุฑุจู ููุจุท ุนูููุง ูุตูุจู ุจุงุด ููุชููุง ูููู ุชูุชู ูุฒุบู ูุจูู ุฐูููุง ูุชุญุฑู ูููู ูุชุฒูุฏ ุชุถูุฑ ูู ุชููุฒู ุจุนูู ุตุญูุญู ุงูุง ุงุญูุง ุดุนุจ ุจุตูู ุนุงูู ูุงู ุนูููุงูุง ูุฎูุตู ุฏููุง ูุงุฎุฑู ูุญุงุถุฑ ููุณุชูุจู ููุงุถู ูุชุชุญุทู ูุงุนุงุฏุด ุชููู ููุงู ุฌูุนุงู ููุง ูุญุชุงุฌ ูุงูุตูุฑูุด ูู ุชููุฒู ูุตูุชู ูุงููุตูุด ููุง ุจุทู ููุง ุงูุณุงู ุนุงูู ุดุฑู ุงูุจูุงุฏ ูุง ูุนุฏููุด ูุฎูู ุจูุชู ูุงุฏููุง ูุง ุชูุชุงูู ุชุนุทู ููููุงูู ูุชุฎูู ุฑุฌุงู ููุงู ุชุนุทู ูููุงุนุฏ ุงูุซุฑ ูู ูุงูู ุชุณุชุฑ ุดุจุนุงู ููุงูู  ูุชุนุฑู ุฌูุนุงู ุงูุง ุงููุฏ ูู ุงูุงุฎุฑู ุงูู ูุงุณ ูุชุญุงุณุจู ุญุฑุงู ูุงูุฌุจุฏูุดู  ุนุฑุถ ุนุจุงุฏ ุนูุง ููุงูุง ุงูุง ูู ุญูุงุช ุนูู ูุณุงููุง ูุตูุญุจู 2 ุงูููู ูุง ุชุญุงุณุจูุง ุจูุง ูุนู ุณููุงุก ุจูุง,2017-12-27T01:30:39+0000,https://www.facebook.com/EttounsiyaTV/photos/a.142319959172062.29461.136462473091144/1822889867781721/?type=3&theater
ุงูุฒุจูุฉ ูู ุจูุจุงูุฉ ุฌุจุชููุง ุบูุงูุฉ ูุน  ูุงูู ูุชูุฉ ุธุงูุฑูู  ููุงุชูู ูู ุงูู ููุช ุฒุจูุฉ ูู ุจูุจุงูุฉ  ูุงูุช ูุง ุณู ุงูููุฑู ูููุช ุชูู ูู ุงูุจูุจุงูุงุช ูุชุฌู ุชุตุจูุง ูู ููุงุชู  ูุงููุดููุฉ ุงูู ุงูุฒุจูุฉ ุงูู ุนูุฏู ูู ุจุฑุงูุฌู ุบูุฑ ูุงุจูุฉ ููุฑุณููุฉ    ููุงูุงุช,2017-12-04T19:49:57+0000,https://www.facebook.com/EttounsiyaTV/photos/a.142319959172062.29461.136462473091144/1793588344045207/?type=3&theater
ูุง ุญูู ุดุนุจ ูุงูู ุชุญููู ููุงุฉ ูุงุณุฏุฉ ูุชุฌุนูู ุงุถุญููุฉ ุจูู ุงูุฏูู ุงูุนุฑุจูุฉ ูุฐู ุงูุฏุงู ุงูุซูุฑุฉ ุจุฅูุชูุงุฒ ูุญูุชู ุงูููุฑ ูุงูุชูููุด ูุงูุดุจุงุจ ุฎุฏูุชูู,2017-12-04T15:13:06+0000,https://www.facebook.com/EttounsiyaTV/photos/a.142319959172062.29461.136462473091144/1793588344045207/?type=3&theater
ุงูุช ูุนุฑุชูุง ูุนุฑุชูุง ูุง ุงุณุงูู ุงูููุฑู ุฌูุจ ุญููุฉ ุนูู ุงูุฏุนุงุฑุฉ ูุฎูู ูุณุจุฉ ุงููุดุงูุฏุฉ ููุงุณูุฉ ูุงู ูููู ูุณุจุฉ ุงููุดุงูุฏุฉ,2017-12-04T15:03:56+0000,https://www.facebook.com/EttounsiyaTV/photos/a.142319959172062.29461.136462473091144/1793588344045207/?type=3&theater
"Bourjoulia ya sami taya7 chwaya men niveau de l'รฉmission mte3ek,rana 3rab et moslmin,wfama des familles yetfarjou fik,echohra mouch bel..........................!",2017-12-04T15:03:28+0000,https://www.facebook.com/EttounsiyaTV/photos/a.142319959172062.29461.136462473091144/1793588344045207/?type=3&theater
chnwa sujet .???,2017-12-04T15:12:25+0000,https://www.facebook.com/EttounsiyaTV/photos/a.142319959172062.29461.136462473091144/1793588344045207/?type=3&theater
ููุงุทุนุฉ ููุงุฉ ุงููุงุฎูุฑ,2017-12-04T15:10:10+0000,https://www.facebook.com/EttounsiyaTV/photos/a.142319959172062.29461.136462473091144/1793588344045207/?type=3&theater
ุฃููุงู ุงุจุงุญูุฉ,2017-12-04T15:10:38+0000,https://www.facebook.com/EttounsiyaTV/photos/a.142319959172062.29461.136462473091144/1793588344045207/?type=3&theater
berassmi haw fibelna hhh,2017-12-04T15:17:45+0000,https://www.facebook.com/EttounsiyaTV/photos/a.142319959172062.29461.136462473091144/1793588344045207/?type=3&theater
ุงูููุงุทุนุฉ ูู ุงูุฏูุงุก ูุง ุฏุงูุช ุงููุงููุง ุบุงุกุจุฉ,2017-12-04T15:48:53+0000,https://www.facebook.com/EttounsiyaTV/photos/a.142319959172062.29461.136462473091144/1793588344045207/?type=3&theater
ูุซุฑู ูู ุงููุญ ุนุงุฏ,2017-12-04T15:05:01+0000,https://www.facebook.com/EttounsiyaTV/photos/a.142319959172062.29461.136462473091144/1793588344045207/?type=3&theater
ููุถูุน -18ูููู ูุถูุญุฉ...๐๐,il y a 8 mois,https://www.youtube.com/watch?v=Fcwzu7mLP2w
ูุนูุฉ ุงููู ุนูููู ูุง *** ุงูุชู ูุงูุจุฑูุงูุฌ ุงูุตููููู ูุง ูุฑุชุฏูู ุนูู ุงูุฏูู ูุดุงุก ุงููู ุฏุงุนุด ูุฏูุฑูู ูุงุฑุจ ุงูุนุงูููู ุจูุฏ ุฏุนุงุฑุฉ ูุฌูุณ ูุงููุฑุขู ุงููุฑูู ูู ุงูููุงูู,il y a 8 mois,https://www.youtube.com/watch?v=Fcwzu7mLP2w
fdhaya7.. c tts ๐,il y a 8 mois,https://www.youtube.com/watch?v=Fcwzu7mLP2w
ููุง ููุฉ ุญูุงุก,il y a 8 mois,https://www.youtube.com/watch?v=Fcwzu7mLP2w
ููุงุถูุนูู ู ุฑุงุณ *** ููู ููู..... ุบูุจุชูุง ุนู *** ูุงููู,il y a 1 mois,
ijiboulna kรฉen fi ilmordha wlma9a7ba !!!? 3morkomch jebtou mo7alilin i9tissadiyn 5nefhmou rwa7na 3la chnya 9adminn!!?,2017-12-05T16:34:49+0000,https://www.facebook.com/EttounsiyaTV/photos/a.142319959172062.29461.136462473091144/1795314597205915/?type=3&permPage=1
ุงูุชููุณูุฉ ูุงุนุงุฏ ูููุง ูุง ุชุชูุฑุฌ ุบูุฑ ุจุฑูุงูุฌ ููููุงุช ููุงุทู ู ูุง ูู ููู ู ูุงุจุงุณ ูู ุจุนุถ ุงูุงุญูุงู ู ุจููุฉ ุงูุจุฑุงูุฌ ุฒุจุงูุฉ,2017-12-05T16:35:12+0000,https://www.facebook.com/EttounsiyaTV/photos/a.142319959172062.29461.136462473091144/1795314597205915/?type=3&permPage=1
Oohhh sujet lel fetna hedha ! Amehi el 7met li tochkor kennetha wel kenna li tochkor 7metha hata law yebdew akarab !! Vr sujet lel fetna,2017-11-27T12:36:57+0000,https://www.facebook.com/EttounsiyaTV/photos/a.142319959172062.29461.136462473091144/1781644591906249/?type=3&theater
ุฎุฑู ูุงูู ุชุฎุฑู ููุง ูุตูุญ ุงุฌุชูุงุนู ุงุณูุท ูุงุญุฏ ูู ุชููุณ ุงูุช ูุง ููุจ ููู ุงููุญูุฏ ุชูู ูููุณ,2017-11-27T16:20:01+0000,https://www.facebook.com/EttounsiyaTV/photos/a.142319959172062.29461.136462473091144/1781644591906249/?type=3&theater
ููุถูุน ุชุงูู ู ูุฏูู,2017-11-27T17:52:22+0000,https://www.facebook.com/EttounsiyaTV/photos/a.142319959172062.29461.136462473091144/1781644955239546/?type=3&theater
ุชูุงูุฉ ูุงุฐูุุ ููุถูุน ูู ููู ูุทุฑูุญ ูู ูู ุฏุงุฑ ูุง ููุงุด ุนูุงุด ุจุงุด ูุญููุง ุนููู ูู ุงูุงุนูุงู.. ูุงุญุฏุฉ ุฌุงูุง ุชุดูุฑ ูุงูุงุฎุฑ ุชุฐู ูุฐุง ูู ุงูุนุฑุณ ูุนุงุฑููู ุดูู ูุฑุงู,2017-11-28T10:57:33+0000,https://www.facebook.com/EttounsiyaTV/photos/a.142319959172062.29461.136462473091144/1783934905010551/?type=3&theater
ุงูููุถูุน ูุงุชูุด ุทุฑุญู ุจุทุฑููุฉ ูุนุงูุฉ ูุนูู ูุง ุญูุงูุด ููู ุจุดูู ุนุงู  ูุงููุงุจุดูู ุฎุงุต ุจุจุนุถ ุงูุญุงูุงุช,2017-11-28T10:03:16+0000,https://www.facebook.com/EttounsiyaTV/photos/a.142319959172062.29461.136462473091144/1783934905010551/?type=3&theater
ูููู ุฎูุณุฉ ุซูุงูู ูู ููุชู  .ูุงุญุฏ.ุงุซูุงู.ุซูุงุซุฉ.ุงุฑุจุนุฉ ุฎูุณุฉ. ุชูุฌู ุชูุดู ุงุนูู ุฑูุญู ุชู,2017-11-28T09:46:16+0000,https://www.facebook.com/EttounsiyaTV/photos/a.142319959172062.29461.136462473091144/1783934905010551/?type=3&theater