comment_text,date,url,sentiment
Ù…Ø§ Ø¹Ø¬Ø¨ØªÙ†ÙŠØ´ Ø§Ù„Ø§ØºÙ†ÙŠØ©ï»¿,4 days ago,https://www.youtube.com/watch?v=0jfmv-ldq5I,n
Ø§ØºÙ†ÙŠØ© Ø±ÙˆØ¹Ø© Ø¨ØµØ­ ÙÙŠ Ø§Ù„Ø§Ø®ÙŠØ± Ù„Ø¨Ø³Øª Ø­Ø°Ø§Ø¡ Ø§Ù„Ø§Ù„Ù…Ù†ÙŠÙˆÙ… Ù‡Ù‡Ù‡Ù‡Ù‡Ù‡ğŸ˜‚ ÙƒÙ…Ø§ Ù„Ø¨Ø³Øª Ø§Ù„Ø¨Ø³Øª Ø§Ù„Ø¨Ù†ÙØ³Ø¬ÙŠï»¿,6 days ago,https://www.youtube.com/watch?v=0jfmv-ldq5I,n
ÙÙˆØ¶Ù‰ï»¿,6 days ago,https://www.youtube.com/watch?v=0jfmv-ldq5I,n
Ù‡Ù‡Ù‡Ù‡Ù‡Ù‡Ù‡Ù‡Ù‡Ù‡Ù‡ï»¿,1 week ago,https://www.youtube.com/watch?v=0jfmv-ldq5I,n
Ù„Ø¹Ù†Ø© Ø§Ù„Ù„Ù‡ Ø¹Ù„ÙŠ Ø´Ø§Ø±Ùƒ ÙÙŠ Ø§Ù„ØªÙÙ‡Ø§Øª Ù‡Ø§Ø°ÙŠ Ù…Ø³ÙƒÙŠÙ†Ø© ØªÙˆÙ†Ø³ Ùˆ Ø¨Ø±Ø§....ï»¿,1 week ago,https://www.youtube.com/watch?v=0jfmv-ldq5I,n
Ø­ØªÙ‰ Ù‡ÙŠ Ø´ÙƒÙ„ÙŠ Ø´ÙƒÙ„Ø§ Ù…Ù„ Ù‡Ø¨Ù„ï»¿,1 week ago,https://www.youtube.com/watch?v=0jfmv-ldq5I,n
Ma5ieb rasekï»¿,1 week ago,https://www.youtube.com/watch?v=0jfmv-ldq5I,n
Ù…Ù‚Ø±ÙØ© Ùˆ Ù…Ù‚Ø²Ø²Ø© Ø¥Ù†ØªÙŠ ÙŠØ§ Ù…Ù†Ø§Ù„ï»¿,4 weeks ago,https://www.youtube.com/watch?v=0jfmv-ldq5I,n
Ti bara ma5ybek ninshekk talka khidma okhraa w enti kardaa twaskhilna fi wednina ya Hamm ,4 weeks ago,https://www.youtube.com/watch?v=0jfmv-ldq5I,n
ÙÙŠÙ‡Ø§ Ø§Ø®Ø·Ø§Ø¡ï»¿,4 weeks ago,https://www.youtube.com/watch?v=0jfmv-ldq5I,n
yezzi min el tijara echehar akther minha ghneyaï»¿,1 month ago,https://www.youtube.com/watch?v=0jfmv-ldq5I,n
ØªØ¹ÙŠÙ Ù…Ø§ ÙÙŠÙ‡Ø§ Ø­ØªÙ‰ Ù…Ø¹Ù†Ù‰ ÙˆÙ„Ø§ Ø´Ø§Ø±ØºÙ… Ø§Ù Ø¶ÙŠØ¹ØªÙ‰ Ø¯Ø±Ø§Ù‡Ù…Ùƒ ÙŠØ§ Ø±ÙˆØ­ÙŠï»¿,1 month ago,https://www.youtube.com/watch?v=0jfmv-ldq5I,n
manel  3raben w armastra hahahahhahahahahah  diki dikiï»¿,1 month ago,https://www.youtube.com/watch?v=0jfmv-ldq5I,n
masta kifikï»¿,1 month ago,https://www.youtube.com/watch?v=0jfmv-ldq5I,n
Ø§Ù„ØªÙˆÙ†Ø³ÙŠÙŠÙ† Ù„Ø§ Ø¹Ù„Ø§Ù‚Ø© Ø¨Ø§Ù„ÙƒÙˆÙ…ÙŠØ¯ÙŠØ§ï»¿,1 month ago,https://www.youtube.com/watch?v=EcOsVDYHaWc,n
ØªÙˆØ§Ù†Ø³Ø© Ø¨Ù‡ÙŠÙ… Ù†Ø¹ØªÙˆÙ‡ ÙÙŠ ØªÙˆÙ†Ø³ ÙŠØªØ´Ù‡Ø±ï»¿,2 months ago,https://www.youtube.com/watch?v=EcOsVDYHaWc,n
SIC MUSICï»¿,1 month ago,https://www.youtube.com/watch?v=EcOsVDYHaWc,n
Yeeeeeser mssataï»¿,1 weeks ago,https://www.youtube.com/watch?v=EcOsVDYHaWc,n
Ù‡Ù‡Ù‡Ù‡ ØªÙˆÙ†Ø³ Ø§ÙƒØ¨Ø± Ù‚ÙˆØ© Ø§Ù‚Ù„ÙŠÙ…ÙŠØ© Ø¨ÙØ¶Ù„ Ù…Ù†Ø§Ù„ Ø¹Ù…Ø§Ø±Ø©ï»¿,1 weeks ago,https://www.youtube.com/watch?v=EcOsVDYHaWc,n
Ù…Ù†Ø§Ù„ Ø§Ø­Ø´Ù…ÙŠ Ø¹Ù„Ù‰ Ø±ÙˆØ­Ùƒï»¿,1 weeks ago,https://www.youtube.com/watch?v=EcOsVDYHaWc,n
Ù…Ù†Ù‡Ùˆ Ø§Ù„ÙŠ Ù‚Ø§Ù„Ùƒ Ù†Ø¨ØºÙˆ  Ø§Ù„Ø¹Ø§Ù‡Ø±Ø§Øªï»¿,3 months ago,https://www.youtube.com/watch?v=EcOsVDYHaWc,n
masta m3a bilel elbaji,6 months ago,https://www.youtube.com/watch?v=EcOsVDYHaWc,n
Ù‡Ù‡Ù‡Ù‡ Ù…ÙŠØ¶Ø­ÙƒØ´ï»¿,1 month ago,https://www.youtube.com/watch?v=EcOsVDYHaWc,n
3malto el fadhe7ï»¿,1 month ago,https://www.youtube.com/watch?v=EcOsVDYHaWc,n
Tu es trÃ¨s moche sans un kilo de maquillage je te l'assure !ï»¿,1 month ago,https://www.youtube.com/watch?v=EcOsVDYHaWc,n
5ih ye5i ma tet9azzezch men ro7k w t9oul 3lech na3mel hakka ? ,5 days ago,https://www.youtube.com/watch?v=xpfDAVhzsAo,n
wtf ?ï»¿,1 week ago,https://www.youtube.com/watch?v=xpfDAVhzsAo,n
ï»“ïº®ïº£ïº– ïº‘ïº®ï»­ïº£ïº ï»£ï»¦ ïºï»»ï»­ïºïº€ï». ï»Ÿïºªïº§ï» ï»´ï»¦ ïºŸï»¬ï»¨ï»¢ ,2017-12-31T17:23:32+0000 , https://graph.facebook.com/v2.11/134815143308923_640626052727827?fields=comments&access_token=135633287132095|0418ebbb9a5f93168ff465e68a58a45e ,n
ïºï»§ïº˜ï»² ï»£ïº˜ïº ï»² ïº·ï»² ï»» ïº»ï»®ïº• ï»­ï»» ï»£ï»¨ï»ˆïº® ,2017-12-31T17:25:47+0000 , https://graph.facebook.com/v2.11/134815143308923_640626052727827?fields=comments&access_token=135633287132095|0418ebbb9a5f93168ff465e68a58a45e , n
Tfoh y'a ms5a ,2017-12-30T15:56:23+0000 , https://graph.facebook.com/v2.11/134815143308923_639572672833165?fields=comments&access_token=135633287132095|0418ebbb9a5f93168ff465e68a58a45e , n
Sakri fomek manel da3ara ,2017-12-29T20:54:46+0000 , https://graph.facebook.com/v2.11/134815143308923_639542129502886?fields=comments&access_token=135633287132095|0418ebbb9a5f93168ff465e68a58a45e ,n
ï»£ïºï»Ÿï»˜ï»´ï»¨ïº ï»£ï»¨ïº˜ï»”ïº®ïºŸï»®ï»­ ï»›ïºï»¥ ï»‹ï» ï»° ï»‹ïºï»«ïº®ïº“ ïº—ï»”ï»®ï»­ï»­ï»­ ,2017-12-30T07:13:23+0000 , https://graph.facebook.com/v2.11/134815143308923_639542129502886?fields=comments&access_token=135633287132095|0418ebbb9a5f93168ff465e68a58a45e ,n
Movaize ,2017-12-29T17:59:49+0000 , https://graph.facebook.com/v2.11/134815143308923_639449162845516?fields=comments&access_token=135633287132095|0418ebbb9a5f93168ff465e68a58a45e ,n
3ahirat yosbe7na najmat wa9it kalb ,2017-12-30T09:18:02+0000 , https://graph.facebook.com/v2.11/134815143308923_639449162845516?fields=comments&access_token=135633287132095|0418ebbb9a5f93168ff465e68a58a45e ,n
0,2017-12-29T15:34:18+0000 , https://graph.facebook.com/v2.11/134815143308923_639233052867127?fields=comments&access_token=135633287132095|0418ebbb9a5f93168ff465e68a58a45e ,n
Photo de profil masta 3l lakir ,2017-12-28T11:27:42+0000 , https://graph.facebook.com/v2.11/134815143308923_638859889571110?fields=comments&access_token=135633287132095|0418ebbb9a5f93168ff465e68a58a45e ,n
ï»Ÿï»® ï»‹ï»¤ï» ïº– ï»£ïº°ï»³ïº” ïº­ïºï»™ ï»§ïº¤ï»´ïº˜ï»¬ïº ïºï»Ÿïº®ï»­ïº‘ïº” .ïº‡ï»§ïº– ïºïºµ ï»ï»„ï»´ïº– ïº‘ïºïºµ ïº—ï» ïº’ïº´ï»¬ïº ,2017-12-28T11:33:38+0000 , https://graph.facebook.com/v2.11/134815143308923_638859889571110?fields=comments&access_token=135633287132095|0418ebbb9a5f93168ff465e68a58a45e ,n
walahi ken staret rou7ek 5ir\r\n\nnetsawrek tkoune a7la . ,2017-12-28T11:49:46+0000 , https://graph.facebook.com/v2.11/134815143308923_638859889571110?fields=comments&access_token=135633287132095|0418ebbb9a5f93168ff465e68a58a45e , n
ï»§ïº˜ï»¤ï»¨ï»° ï»§ï»¬ïºïº­ ï»§ïº¸ï»®ï»“ï»š ïº³ïºï»£ïº’ï» ï»“ï»² ïºï»Ÿïº˜ï» ï»”ïº°ïº“ ,2017-12-27T20:43:21+0000 , https://graph.facebook.com/v2.11/134815143308923_638577502932682?fields=comments&access_token=135633287132095|0418ebbb9a5f93168ff465e68a58a45e ,n
ïºŸï»¬ï»¨ï»¢ ï»›ïº˜ïº´ïºï»§ïºï»›ï»¢ ï»«ï»¬ï»¬ï»ª ,2017-12-27T20:44:19+0000 , https://graph.facebook.com/v2.11/134815143308923_638577502932682?fields=comments&access_token=135633287132095|0418ebbb9a5f93168ff465e68a58a45e ,n
amelti reha ,2017-12-27T20:50:29+0000 , https://graph.facebook.com/v2.11/134815143308923_638577502932682?fields=comments&access_token=135633287132095|0418ebbb9a5f93168ff465e68a58a45e ,n
ïº©ï»­ï»Ÿïº” ïº—ï»®ï»§ïº² ïº§ï»¼ïº¹ ïº­ïºïº£ïº– ï»“ï»² ïºï»Ÿï»¬ï»®ï»¯ ï»» ïº©ï»³ï»¦ ï»­ï»» ïº©ï»§ï»´ïº ,2017-12-27T20:51:24+0000 , https://graph.facebook.com/v2.11/134815143308923_638577502932682?fields=comments&access_token=135633287132095|0418ebbb9a5f93168ff465e68a58a45e ,n
Bech t9abel rabi hal ma5lou9a ya wilha ,2017-12-27T20:55:27+0000 , https://graph.facebook.com/v2.11/134815143308923_638577502932682?fields=comments&access_token=135633287132095|0418ebbb9a5f93168ff465e68a58a45e ,n
Miskina chib w el3ib ,2017-12-27T15:20:28+0000 , https://graph.facebook.com/v2.11/134815143308923_638430486280717?fields=comments&access_token=135633287132095|0418ebbb9a5f93168ff465e68a58a45e ,n
La robe pas tellement ,2017-12-27T15:54:15+0000 , https://graph.facebook.com/v2.11/134815143308923_638430486280717?fields=comments&access_token=135633287132095|0418ebbb9a5f93168ff465e68a58a45e , n
ï»£ïº¨ï»´ïº’ï»¬ïº ï»­ï»£ï»¤ïº¼ï»„ï»¬ïº ,2017-12-27T16:10:06+0000 , https://graph.facebook.com/v2.11/134815143308923_638430486280717?fields=comments&access_token=135633287132095|0418ebbb9a5f93168ff465e68a58a45e ,n
ïº­ïº‘ï»² ï»³ï»¬ïºªï»³ï»š ï»­ï»³ï»¬ïºªï»± ïºï»Ÿï»¨ïºïº± ïºï»Ÿï»² ïº­ïºï»«ï»² ïºïº—ïº’ï»Š ï»“ï»´ï»š \nï»£ïº ïº·ïºïº€ ï·² ï»£ï»¼ï»³ï»´ï»¦ ïºï»¹ï»£ï»Œïºïº• ïº—ïº˜ïºïº‘ï»Š ï»“ï»´ï»š ïº·ïºŠ ï»£ïº†ïº³ï»’ ,2017-12-27T17:22:39+0000 , https://graph.facebook.com/v2.11/134815143308923_638114106312355?fields=comments&access_token=135633287132095|0418ebbb9a5f93168ff465e68a58a45e ,n
ïº—ï»Œï»¤ï» ï»š ïºï»Ÿïº’ïº¨ï»®ïº§ï»® ï»«ïº¨ïº¨ïº¨ïº¨ïº¨ïº¨ïº¨ïº¨ïº¨ïº¨ïº¨ïº¨ïº¨ïº¦ ïº—ï»”ïºï»«ïºïº• ïºïº§ïº® ïº¯ï»£ïºï»¥ ,2017-12-27T17:23:09+0000 , https://graph.facebook.com/v2.11/134815143308923_638114106312355?fields=comments&access_token=135633287132095|0418ebbb9a5f93168ff465e68a58a45e ,n
ïºïº—ï»˜ï»² ï·² ï»³ï»®ï»¡ ï»» ï»³ï»¨ï»”ï»Š ïºï»» ï»‹ï»¤ï» ïº»ïºï»Ÿïº¢ ,2017-12-27T19:46:06+0000 , https://graph.facebook.com/v2.11/134815143308923_638114106312355?fields=comments&access_token=135633287132095|0418ebbb9a5f93168ff465e68a58a45e , n
Ma7lek ama alech dima ta3ml cha3rk akeka ma5ibou akeka ,2017-12-26T19:40:06+0000 , https://graph.facebook.com/v2.11/134815143308923_638070789650020?fields=comments&access_token=135633287132095|0418ebbb9a5f93168ff465e68a58a45e ,n
ï»›ï» ïº·ï»² ï»£ï»€ïº®ï»­ïº.. ï»£ïº´ïºï»§ïºª ïº­ïº³ï»¤ï»²  ï»£ï»œï»´ïºïº ,2017-12-26T19:42:11+0000 , https://graph.facebook.com/v2.11/134815143308923_638070789650020?fields=comments&access_token=135633287132095|0418ebbb9a5f93168ff465e68a58a45e ,n
Trop maquillÃ©e..vous en avez pas besoin.....vous detruisez votre peau ,2017-12-26T19:45:16+0000 , https://graph.facebook.com/v2.11/134815143308923_638070789650020?fields=comments&access_token=135633287132095|0418ebbb9a5f93168ff465e68a58a45e , n
ïº—ï»ï»´ï»ˆï»´ï»¨ï»´ï»² ï»‹ïºïºŸïº’ïº˜ï»š ïºï»Ÿïºªï»§ï»´ïº ïº­ïº‘ï»² ï»³ï»¬ïºªï»³ï»š ,2017-12-25T19:01:06+0000 , https://graph.facebook.com/v2.11/134815143308923_637558726367893?fields=comments&access_token=135633287132095|0418ebbb9a5f93168ff465e68a58a45e ,n
hal ghoneya walet berasmi ki chekli dorthnina w enti mahbteteha ,2017-12-25T22:49:28+0000 , https://graph.facebook.com/v2.11/134815143308923_637558726367893?fields=comments&access_token=135633287132095|0418ebbb9a5f93168ff465e68a58a45e , n
7altek tsa5ef sada9ni rabi ytoub 3lik ,2018-01-01T19:13:41+0000 , https://graph.facebook.com/v2.11/134815143308923_637558726367893?fields=comments&access_token=135633287132095|0418ebbb9a5f93168ff465e68a58a45e ,n
ï»«ï»¬ï»¬ï»ª ï»»ïº‘ïº´ïº” ïº­ï»³ïºªï»­ ØŸØŸØŸ ,2017-12-24T23:29:13+0000 , https://graph.facebook.com/v2.11/134815143308923_637067943083638?fields=comments&access_token=135633287132095|0418ebbb9a5f93168ff465e68a58a45e ,n
ïº­ïº‘ï»² ï»³ïº¨ï» ï»´ï» ï»š ïºŸïº®ïºïº‘ï»Œï»š ,2017-12-24T16:49:32+0000 , https://graph.facebook.com/v2.11/134815143308923_636985359758563?fields=comments&access_token=135633287132095|0418ebbb9a5f93168ff465e68a58a45e ,n
Etfouhe a3lik ,2017-12-23T20:43:56+0000 , https://graph.facebook.com/v2.11/134815143308923_636547223135710?fields=comments&access_token=135633287132095|0418ebbb9a5f93168ff465e68a58a45e ,n
ï»£ï»®ïº³ï»„ïºïº·ïº” ,2017-12-22T20:51:27+0000 , https://graph.facebook.com/v2.11/134815143308923_636087759848323?fields=comments&access_token=135633287132095|0418ebbb9a5f93168ff465e68a58a45e ,n
NÃ©s mwtit  3le el9ods o intim e teb3ouli fil 7keyet el fer8a ,2017-12-21T12:40:43+0000 , https://graph.facebook.com/v2.11/134815143308923_635379509919148?fields=comments&access_token=135633287132095|0418ebbb9a5f93168ff465e68a58a45e , n
ïº³ï»œïº˜ï»² ïº©ï»«ïº®ïº ï»­ï»§ï»„ï»˜ïº˜ï»² ï»‹ï»¬ïº®ïº ,2017-12-20T20:51:58+0000 , https://graph.facebook.com/v2.11/134815143308923_635101043280328?fields=comments&access_token=135633287132095|0418ebbb9a5f93168ff465e68a58a45e , n
Mamestek ,2017-12-20T19:09:57+0000 , https://graph.facebook.com/v2.11/134815143308923_635022406621525?fields=comments&access_token=135633287132095|0418ebbb9a5f93168ff465e68a58a45e ,n
Ma5yib manadirhim ,2017-12-23T12:23:45+0000 , https://graph.facebook.com/v2.11/134815143308923_634953113295121?fields=comments&access_token=135633287132095|0418ebbb9a5f93168ff465e68a58a45e ,n
ma kharjet hata ghnaya koul moughani machhour tedilou ghnaytou ,2017-12-20T18:47:53+0000 , https://graph.facebook.com/v2.11/134815143308923_634819323308500?fields=comments&access_token=135633287132095|0418ebbb9a5f93168ff465e68a58a45e ,n
ïº£ïº˜ï»° ïºï»§ïº– ïº­ï»£ï»´ïº˜ï»² ïº›ï»Œï» ïº ï»“ï»®ï»• ï»›ïº˜ïºï»“ï»š ,2017-12-19T20:10:02+0000 , https://graph.facebook.com/v2.11/134815143308923_634596373330795?fields=comments&access_token=135633287132095|0418ebbb9a5f93168ff465e68a58a45e , n
Bari ............. ,2017-12-19T16:44:22+0000 , https://graph.facebook.com/v2.11/134815143308923_634521856671580?fields=comments&access_token=135633287132095|0418ebbb9a5f93168ff465e68a58a45e ,n
ï»£ïº ïºƒïº‘ïº¸ï»Œï»š ïº£ïºïº·ï»° ïº§ï» ï»´ï»˜ïº” ïºï»Ÿïº®ïº£ï»¤ïºï»¥ ,2017-12-19T16:53:36+0000 , https://graph.facebook.com/v2.11/134815143308923_634521856671580?fields=comments&access_token=135633287132095|0418ebbb9a5f93168ff465e68a58a45e , n
ïºŸï»¬ï»¨ï»¢.ïº—ïº´ïº˜ï»¨ïº.ï»“ï»´ï»š.ï»³ïºï»£ï»¨ïºï» ,2017-12-19T16:30:43+0000 , https://graph.facebook.com/v2.11/134815143308923_634507743339658?fields=comments&access_token=135633287132095|0418ebbb9a5f93168ff465e68a58a45e ,n
ï»›ïºœïº®ï»± ïº‡ïº©ï»­ï»³ïº” ï»£ï»¨ï»Š ïºï»Ÿïº¤ï»¤ï» ØŸØŸØŸØŸØŸØŸØŸØŸ ,2017-12-20T17:22:17+0000 , https://graph.facebook.com/v2.11/134815143308923_634096763380756?fields=comments&access_token=135633287132095|0418ebbb9a5f93168ff465e68a58a45e ,n
ï·² ï»³ï»¬ïºªï»±.. ,2017-12-16T10:43:40+0000 , https://graph.facebook.com/v2.11/134815143308923_632766040180495?fields=comments&access_token=135633287132095|0418ebbb9a5f93168ff465e68a58a45e ,n
Be9it kan te8ani bari 3arsssi raki 3azouza ,2017-12-16T11:51:58+0000 , https://graph.facebook.com/v2.11/134815143308923_632766040180495?fields=comments&access_token=135633287132095|0418ebbb9a5f93168ff465e68a58a45e , n
ïº­ïº‘ï»¨ïº ï»» ïº—ïº‚ïº§ïº¬ï»§ïº ïº‘ï»¤ïº ï»“ï»Œï» ïºï»Ÿïº´ï»”ï»¬ïºïº€ ï»£ï»¨ïº ,2017-12-16T13:24:58+0000 , https://graph.facebook.com/v2.11/134815143308923_632766040180495?fields=comments&access_token=135633287132095|0418ebbb9a5f93168ff465e68a58a45e ,n
ï»«ïº¬ïº ï»«ï»® ïºï»Ÿïº’ïº¬ïº¥ ï»Ÿï»² ïº§ï»¼ ïºï»Ÿï»´ï»¬ï»®ïº© ï»³ïº¤ïº˜ï» ï»®ï»§ïº ,2017-12-16T16:20:01+0000 , https://graph.facebook.com/v2.11/134815143308923_632766040180495?fields=comments&access_token=135633287132095|0418ebbb9a5f93168ff465e68a58a45e ,n
ïºŸï»´ïºïº£ïº”  ï»›ï»² ï»Ÿï»œïº’ï»´ïº® ï»›ï»² ïºï»Ÿïº¼ï»ï»´ïº® ,2017-12-16T16:21:37+0000 , https://graph.facebook.com/v2.11/134815143308923_632766040180495?fields=comments&access_token=135633287132095|0418ebbb9a5f93168ff465e68a58a45e ,n
ïºïº£ï» ï»° ïºŸï»® ï»‹ï»¨ïºªï»›ï»¢ ï»“ï»² ïºŸï»¬ï»¨ï»¢ ï»­ïº‘ïºŒïº² ïºï»Ÿï»¤ïº¼ï»´ïº® ,2017-12-16T17:21:21+0000 , https://graph.facebook.com/v2.11/134815143308923_632766040180495?fields=comments&access_token=135633287132095|0418ebbb9a5f93168ff465e68a58a45e ,n
ïº³ïº˜ïº®ï»± ïº­ï»­ïº£ï»š ï»­ï»£ï»¦ ïº‘ï»Œïºª ïº£ï»œï»² ï»‹ï» ï»° ïº¯ï»«ïº® ,2017-12-16T11:21:39+0000 , https://graph.facebook.com/v2.11/134815143308923_632765680180531?fields=comments&access_token=135633287132095|0418ebbb9a5f93168ff465e68a58a45e ,n
ï»«ï»¬ï»ª ,2017-12-16T12:23:00+0000 , https://graph.facebook.com/v2.11/134815143308923_632765680180531?fields=comments&access_token=135633287132095|0418ebbb9a5f93168ff465e68a58a45e ,n
ï»­ïºïºµ ï»§ï»˜ï»®ï» ï·² ï»³ï»¬ïºªï»³ï»š ï»‹ï» ï»° ïºïº³ïº˜ïº®ï»± ïº­ï»­ïº£ï»š ,2017-12-16T16:17:40+0000 , https://graph.facebook.com/v2.11/134815143308923_632765680180531?fields=comments&access_token=135633287132095|0418ebbb9a5f93168ff465e68a58a45e ,n
ïº³ïº˜ï»ˆï» ï»´ï»¦ ï»‹ïºï»«ïº®ïº“ ïºïº‘ïºª ïºï»Ÿïºªï»«ïº® ,2017-12-15T14:35:53+0000 , https://graph.facebook.com/v2.11/134815143308923_632298156893950?fields=comments&access_token=135633287132095|0418ebbb9a5f93168ff465e68a58a45e ,n
Me5yb7 tefja3 ,2017-12-15T12:28:46+0000 , https://graph.facebook.com/v2.11/134815143308923_632233453567087?fields=comments&access_token=135633287132095|0418ebbb9a5f93168ff465e68a58a45e ,n
lol ,2017-12-15T10:08:51+0000 , https://graph.facebook.com/v2.11/134815143308923_632182106905555?fields=comments&access_token=135633287132095|0418ebbb9a5f93168ff465e68a58a45e ,n
ï»›ïºï»Ÿï»Œïºïº©ïº“ ï»£ïº ï»“ï»¤ïº ïº·ï»² ïºŸïºªï»³ïºª ïº©ï»³ï»¤ïº ïº—ï»®ïº­ï»± ï»“ï»² ïº­ï»­ïº£ï»š ,2017-12-13T19:25:06+0000 , https://graph.facebook.com/v2.11/134815143308923_631342570322842?fields=comments&access_token=135633287132095|0418ebbb9a5f93168ff465e68a58a45e ,n
ïº»ï»®ïº• ïº—ïºï»‹ïº ,2017-12-12T18:44:24+0000 , https://graph.facebook.com/v2.11/134815143308923_630769090380190?fields=comments&access_token=135633287132095|0418ebbb9a5f93168ff465e68a58a45e ,n
ïº—ïº’ï»˜ïºï»± ïº‘ïºï»³ïº®ïº“ ,2017-12-07T18:14:45+0000 , https://graph.facebook.com/v2.11/134815143308923_628001503990282?fields=comments&access_token=135633287132095|0418ebbb9a5f93168ff465e68a58a45e ,n
ï»³ï»¨ï»Œï» ï»š ïº­ïº‘ï»² ï»³ïº ï»£ïº´ïº¨ïº” ï·² ï»» ïº—ïº®ïº‘ïº¤ï»š ,2017-12-07T18:17:13+0000 , https://graph.facebook.com/v2.11/134815143308923_628001503990282?fields=comments&access_token=135633287132095|0418ebbb9a5f93168ff465e68a58a45e ,n
ï»­ï»—ïº˜ïºïºµ ï»‹ïº®ïº³ï»š ïº§ï» ï»² ï»§ïº®ïº—ïºïº£ï»® ï»£ï»¨ï»š ïºï»Ÿï»ï»¨ïºï»³ïº” ïº—ïºïºŸïº®ïº—ï»² ïº‘ï»¬ïº ïºï»›ïºœïº® ï»£ïº°ï»ƒï» ïº” ,2017-12-08T11:14:00+0000 , https://graph.facebook.com/v2.11/134815143308923_628001503990282?fields=comments&access_token=135633287132095|0418ebbb9a5f93168ff465e68a58a45e ,n
Kiiiiiiiiiiit oooooooh ,2017-12-06T12:38:03+0000 , https://graph.facebook.com/v2.11/134815143308923_626784450778654?fields=comments&access_token=135633287132095|0418ebbb9a5f93168ff465e68a58a45e ,n
ï»£ï»¨ïºï» ïº‘ïº®ïº ï»—ïºªï»¡ ï»“ï»² ï»›ï»¨ï»œï»®ïº­ ïº©ï»³ï»®ïºï»§ïº” ïº§ï»´ïº® ï»­ ï·² ï»³ï»˜ïº’ï» ï»®ï»™ ,2017-12-05T20:05:59+0000 , https://graph.facebook.com/v2.11/134815143308923_626881527435613?fields=comments&access_token=135633287132095|0418ebbb9a5f93168ff465e68a58a45e ,n
ïºï»§ïº– ï»­ï»Ÿï»´ïº” ï»­ ïº³ï»®ïº­ï»™ ï»­ïºï»ƒï»² ï»­ ïº—ï»¤ïº¸ï»² ïº‘ïºï»Ÿï»¨ï»´ïº” ï»­ ïº—ïº®ï»—ïºª ï»“ï»² ïºï»Ÿïºœï»¨ï»´ïº” ğŸ˜‚ğŸ˜‚ğŸ˜ğŸ˜ ,2017-12-05T20:06:33+0000 , https://graph.facebook.com/v2.11/134815143308923_626881527435613?fields=comments&access_token=135633287132095|0418ebbb9a5f93168ff465e68a58a45e ,n
ï»­ ï·² ïº—ïº´ï»¤ï»Œï»š ï»§ï»Œï»´ï»¤ïº” ïºï»Ÿïºªï»³ïº°ï»³ïº®ï»³ïº” ïº—ï»¨ïº¤ï»² ï»Ÿï»´ï»¨ïºïº• ï»­ïº—ï»Œïº˜ïº°ï» ïºï»Ÿï»”ï»¦ ï»£ïº®ïº“ ï»­ïº£ïºªïº“ ,2017-12-05T22:45:04+0000 , https://graph.facebook.com/v2.11/134815143308923_626881527435613?fields=comments&access_token=135633287132095|0418ebbb9a5f93168ff465e68a58a45e ,n
Tfi rohek ,2017-12-04T18:37:19+0000 , https://graph.facebook.com/v2.11/134815143308923_626280247495741?fields=comments&access_token=135633287132095|0418ebbb9a5f93168ff465e68a58a45e ,n
ïºï»£ïº´ïº¦ ï»­ ï»‹ïºï»«ïº®ïº“ ,2017-12-04T19:33:25+0000 , https://graph.facebook.com/v2.11/134815143308923_626280247495741?fields=comments&access_token=135633287132095|0418ebbb9a5f93168ff465e68a58a45e ,n
Hani meni l'I texas wlh tzidni million l'I nemchilk y'a tiiiit ,2017-12-05T06:40:09+0000 , https://graph.facebook.com/v2.11/134815143308923_626280247495741?fields=comments&access_token=135633287132095|0418ebbb9a5f93168ff465e68a58a45e ,n
ïº³ï»´ïº ïº­ï»­ïº£ï»š ï»­ï»Ÿï»´ïº˜ï»² ïº‘ïº®ï»³ïº˜ï»¨ï»² ïº³ïº’ï»´ïº®ïº¯ ,2017-12-04T18:25:39+0000 , https://graph.facebook.com/v2.11/134815143308923_626279094162523?fields=comments&access_token=135633287132095|0418ebbb9a5f93168ff465e68a58a45e ,n
ï»£ï»¦ ïºï»Ÿï»¤ï»¼ï»«ï»² ï»Ÿïº ï»¬ï»¨ï»¢ ,2017-12-04T12:37:36+0000 , https://graph.facebook.com/v2.11/134815143308923_626099320847167?fields=comments&access_token=135633287132095|0418ebbb9a5f93168ff465e68a58a45e ,n
ï»­ï»—ï»®ïº©ï»«ïº ïºï»Ÿï»¨ïºïº± ï»­ïºï»Ÿïº ïº¤ïºïº­ï»© ,2017-12-04T13:45:12+0000 , https://graph.facebook.com/v2.11/134815143308923_626099320847167?fields=comments&access_token=135633287132095|0418ebbb9a5f93168ff465e68a58a45e ,n
Takolha. inar.  Wahda. Hamla ,2017-12-04T13:08:54+0000 , https://graph.facebook.com/v2.11/134815143308923_626099320847167?fields=comments&access_token=135633287132095|0418ebbb9a5f93168ff465e68a58a45e ,n
ï»­ï»³ï»¨ï»® ïº‘ïºïº‘ïºï»™ ï»£ï»´ïº– ,2017-12-04T15:11:21+0000 , https://graph.facebook.com/v2.11/134815143308923_626099320847167?fields=comments&access_token=135633287132095|0418ebbb9a5f93168ff465e68a58a45e ,n
ï»£ï»¨ïºï» ï»­ï»—ïº˜ïºïºµ ï»³ïº¨ïº®ïº ïºï»Ÿï»”ï»´ï» ï»¢ ïºï»»ïº‘ïºïº£ï»²  ï»§ïº˜ïºï»‹ï»š ï»£ï»Š #ï»›ïºïº©ï»­ï»³ï»¢ ğŸ˜‚ğŸ˜‚ğŸ˜‚ğŸ˜‚ ,2017-12-03T20:30:36+0000 , https://graph.facebook.com/v2.11/134815143308923_625770127546753?fields=comments&access_token=135633287132095|0418ebbb9a5f93168ff465e68a58a45e ,n
Taille xxxl hhhhh ,2017-12-04T15:32:07+0000 , https://graph.facebook.com/v2.11/134815143308923_626099320847167?fields=comments&access_token=135633287132095|0418ebbb9a5f93168ff465e68a58a45e ,n
ï»‹ï»¼ïºµ ï»“ïºï»»ï»£ïºïº­ïºïº• ïº—ïº´ïº˜ïº®ï»± ï»“ï»² ïº­ï»­ïº£ï»š ï»­ ïº—ï»®ï»§ïº² ïº—ï»Œïº®ï»± ï»‹ï» ï»´ï»¨ïº ï»“ï»² ï»‹ïºïº­ï»™ ïº·ï»Œïº ïºŸïº’ïºï»¥ ,2017-12-03T20:36:48+0000 , https://graph.facebook.com/v2.11/134815143308923_625770127546753?fields=comments&access_token=135633287132095|0418ebbb9a5f93168ff465e68a58a45e ,n
Mamstk w ma5ybk ,2017-11-30T14:11:55+0000 , https://graph.facebook.com/v2.11/134815143308923_623655574424875?fields=comments&access_token=135633287132095|0418ebbb9a5f93168ff465e68a58a45e ,n
Oilah miskina itsakafni    PfffffğŸ˜’ğŸ˜’ ,2017-12-01T05:28:35+0000 , https://graph.facebook.com/v2.11/134815143308923_623655574424875?fields=comments&access_token=135633287132095|0418ebbb9a5f93168ff465e68a58a45e ,n
ïºï»­ï»­ ï»£ïº¨ï»´ïº’ï»š ïºïº§ïº¨ïº¨ïº¨ïº¨ïº¨ïº¨ïº¨ïº¨ïº¨ïº¨ïº¨ïº¨ïº¨ïº¨ïº– ,2017-11-29T19:03:21+0000 , https://graph.facebook.com/v2.11/134815143308923_623174854472947?fields=comments&access_token=135633287132095|0418ebbb9a5f93168ff465e68a58a45e ,n
Te5ou 500dinars w tfase5 rou7ek mch 5ir!! ,2017-11-29T19:05:58+0000 , https://graph.facebook.com/v2.11/134815143308923_623174854472947?fields=comments&access_token=135633287132095|0418ebbb9a5f93168ff465e68a58a45e ,n
ï»“ï» ïº´ï»„ï»´ï»¦. ï»³ïº˜ï»€ïºï»£ï»¨ï»®ï»¥  ï»£ï»Œï»¬ïº. ïºï»Ÿïº®ïºŸïºï» ï»­ ï»Ÿï»´ïº² ïºï»Ÿï»Œïºï»«ïº®ïºïº• ,2017-11-29T09:36:04+0000 , https://graph.facebook.com/v2.11/134815143308923_622935024496930?fields=comments&access_token=135633287132095|0418ebbb9a5f93168ff465e68a58a45e ,n
Jibti sid min wednou hhhhh ,2017-11-29T09:43:55+0000 , https://graph.facebook.com/v2.11/134815143308923_622935024496930?fields=comments&access_token=135633287132095|0418ebbb9a5f93168ff465e68a58a45e ,n
Bech mech tedamen ya manel m3a filastin b tiiiiiit neksinek houma ,2017-11-29T12:23:49+0000 , https://graph.facebook.com/v2.11/134815143308923_622935024496930?fields=comments&access_token=135633287132095|0418ebbb9a5f93168ff465e68a58a45e ,n
khiiiiiiiiiiit ,2017-11-28T16:23:31+0000 , https://graph.facebook.com/v2.11/134815143308923_622555801201519?fields=comments&access_token=135633287132095|0418ebbb9a5f93168ff465e68a58a45e ,n
El masstine ki yt9ablou m3a bÄ—athhiom ,2017-11-27T17:07:44+0000 , https://graph.facebook.com/v2.11/134815143308923_621663501290749?fields=comments&access_token=135633287132095|0418ebbb9a5f93168ff465e68a58a45e ,n
je n'aime pas ,2017-11-26T20:54:42+0000 , https://graph.facebook.com/v2.11/134815143308923_621012511355848?fields=comments&access_token=135633287132095|0418ebbb9a5f93168ff465e68a58a45e ,n
ï»£ï»¨ïºï» ï»­ï»³ï»¦ ï»³ïº ï»² ïº—ïº¤ï»‚ ïº§ïº¸ï»¤ï»š ğŸ˜ƒğŸ˜ƒï»£ï»¨ï»´ï»´ï»¦ ïº—ï»Œïº®ï»“ï»¬ïº ïºï»§ïº– ï»£ïºï»³ïº ïº©ï»³ïºïºïºğŸ˜‚ğŸ˜‚ğŸ˜‚ ,2017-11-26T21:43:08+0000 , https://graph.facebook.com/v2.11/134815143308923_621012511355848?fields=comments&access_token=135633287132095|0418ebbb9a5f93168ff465e68a58a45e ,n
Rabi youstir ili bach  ysma3ha ,2017-11-26T08:17:42+0000 , https://graph.facebook.com/v2.11/134815143308923_619920501465049?fields=comments&access_token=135633287132095|0418ebbb9a5f93168ff465e68a58a45e ,n
ïº£ï»„ïº ïºŸï»¬ï»¨ï»¢ ,2017-12-02T18:33:23+0000 , https://graph.facebook.com/v2.11/134815143308923_619920501465049?fields=comments&access_token=135633287132095|0418ebbb9a5f93168ff465e68a58a45e ,n
ïºï»© ï»³ïº ïºï»£ïº” ïº¿ïº¤ï»œïº– ï»£ï»¦ ïºŸï»¬ï» ï»¬ïº ïºï»»ï»£ï»¢ ,2017-11-22T14:02:07+0000 , https://graph.facebook.com/v2.11/134815143308923_618797964910636?fields=comments&access_token=135633287132095|0418ebbb9a5f93168ff465e68a58a45e ,n
ï»«ïºï»Ÿï»œïº˜ï»®ï»¥ ï»³ïº ïº‘ïºïº‘ïº ,2017-11-23T15:27:57+0000 , https://graph.facebook.com/v2.11/134815143308923_618797964910636?fields=comments&access_token=135633287132095|0418ebbb9a5f93168ff465e68a58a45e ,n
Bagar bagara hhh ,2017-11-20T17:42:07+0000 , https://graph.facebook.com/v2.11/134815143308923_617863388337427?fields=comments&access_token=135633287132095|0418ebbb9a5f93168ff465e68a58a45e ,n
Btbi3tk z8ira wfrkha f mokhek ,2017-11-20T17:49:35+0000 , https://graph.facebook.com/v2.11/134815143308923_617863388337427?fields=comments&access_token=135633287132095|0418ebbb9a5f93168ff465e68a58a45e ,n
ïº·ï»œï»®ï»§ï»š ïºï»§ïº˜ï»² ï»›ï»¨ï»˜ïºïº­ï»§ï»®ï»™ ïº‘ïºïº§ï»´ïº ïºï»£ïº®ïº“ ïºï»›ïº®ïºï»§ï»´ïº” ï»£ï»¦ ï»§ïºïº£ï»´ïº” ïºï»Ÿïº ï»¤ïºï» ï»£ïº˜ïº ï»² ï»—ïºªïºï»£ï»¬ïº ïº£ïº˜ï»° ïº·ï»´ïºŠ ,2017-11-20T17:50:08+0000 , https://graph.facebook.com/v2.11/134815143308923_617863388337427?fields=comments&access_token=135633287132095|0418ebbb9a5f93168ff465e68a58a45e ,n
ïº—ï»² ïº‘ïº®ï»± ïº­ï»­ïº£ï»² ï»£ïº¨ï»´ïº’ï»š ,2017-11-20T17:50:09+0000 , https://graph.facebook.com/v2.11/134815143308923_617863388337427?fields=comments&access_token=135633287132095|0418ebbb9a5f93168ff465e68a58a45e ,n
ïº—ï»”ï»„ï»– ï»³ïº ïº­ï»­ïº£ï»²ğŸ˜ğŸ˜ ,2017-11-20T17:56:27+0000 , https://graph.facebook.com/v2.11/134815143308923_617863388337427?fields=comments&access_token=135633287132095|0418ebbb9a5f93168ff465e68a58a45e ,n
Rabi itoub 3lik ,2017-11-19T15:57:34+0000 , https://graph.facebook.com/v2.11/134815143308923_616686065121826?fields=comments&access_token=135633287132095|0418ebbb9a5f93168ff465e68a58a45e ,n
ï»«ï»¬ï»¬ï»ª ï»‹ïº’ïºª ïºï»Ÿïº¤ï» ï»´ï»¢ ï»£ïº¶ ï»‹ïº’ïºª ïºï»Ÿïº¨ï» ï»´ï»¢ ï»«ï»¬ï»¬ï»¬ï»ª ,2017-11-19T16:49:45+0000 , https://graph.facebook.com/v2.11/134815143308923_616686065121826?fields=comments&access_token=135633287132095|0418ebbb9a5f93168ff465e68a58a45e ,n
ï»«ï»¬ï»¬ï»¬ï»ª ïºï»Ÿïº¤ï» ï»´ï»¢ ï»£ï»®ïºµ ïºï»Ÿïº¨ï» ï»´ï»¢ ï»«ï»¬ï»ª ,2017-11-19T17:17:18+0000 , https://graph.facebook.com/v2.11/134815143308923_616686065121826?fields=comments&access_token=135633287132095|0418ebbb9a5f93168ff465e68a58a45e ,n
ï»­ï·² ï»³ïº ïº‘ï»¨ïº– ï»›ïºï»¥ ïº­ïºŸï»Œïº– ï»Ÿï» ïº˜ï»¤ïºœï»´ï» ïº§ï»´ïº® ï»Ÿï»š ï»›ï»¨ïº– ï»£ïº ïºïº£ï»¼ï»™ ï»­ïºï»§ïº– ï»£ï»¤ïºœï» ïº” ïº³ïº˜ïº® ï·² ïº‘ïºï»—ï»² ï»‹ï» ï»´ï»š ï»­ï»›ïº„ï»§ï»š ï»£ï»¼ï»™ ï»­ïº—ï»®ï»¯ ïº›ïº®ïº• ïº—ï»¬ïº’ï» ï»«ïº’ï» ï»­ïº£ïºªï»© ,2017-11-19T20:17:15+0000 , https://graph.facebook.com/v2.11/134815143308923_616686065121826?fields=comments&access_token=135633287132095|0418ebbb9a5f93168ff465e68a58a45e ,n
3lech ya binti t7ayer errajel fi 9abrou trassilouch y9oum yendeb fihom!!!!! ,2017-11-19T21:12:29+0000 , https://graph.facebook.com/v2.11/134815143308923_616686065121826?fields=comments&access_token=135633287132095|0418ebbb9a5f93168ff465e68a58a45e ,n
ï»‹ïº’ïºª ïºï»Ÿïº¤ï» ï»´ï»¢ ï»«ï»¬ï»¬ï»¬ï»¬ï»¬ï»¬ï»¬ïº”ï»Ÿï»„ï»’ ï»³ïºïº­ïº‘ï»² ,2017-11-19T21:36:18+0000 , https://graph.facebook.com/v2.11/134815143308923_616686065121826?fields=comments&access_token=135633287132095|0418ebbb9a5f93168ff465e68a58a45e ,n
ïºï»Ÿï» ï»´ï» ïº” ï»‹ïº®ï»± ,2017-11-18T15:52:54+0000 , https://graph.facebook.com/v2.11/134815143308923_616680848455681?fields=comments&access_token=135633287132095|0418ebbb9a5f93168ff465e68a58a45e ,n
ï»£ïºïº³ï»„ï»´ï»¦ ïº¯ï»­ïº¯ ï»›ï»´ï»”ï»š ,2017-11-18T15:54:28+0000 , https://graph.facebook.com/v2.11/134815143308923_616680848455681?fields=comments&access_token=135633287132095|0418ebbb9a5f93168ff465e68a58a45e ,n
Rabbi yfarrejjjjjj ,2017-11-17T15:38:08+0000 , https://graph.facebook.com/v2.11/134815143308923_616106548513111?fields=comments&access_token=135633287132095|0418ebbb9a5f93168ff465e68a58a45e ,n
ï»£ïº ï»“ï»´ï»œïº¶ ïº©ï»­ïº ïº¯ïºï»³ïºª ,2017-11-16T13:36:14+0000 , https://graph.facebook.com/v2.11/134815143308923_615505561906543?fields=comments&access_token=135633287132095|0418ebbb9a5f93168ff465e68a58a45e ,n
ïº»ïº’ïºïº¡ ïºï»Ÿïº¸ï»Œï»´ïº® ï»³ïºï»‹ï» ï»®ïº·ï»ª ,2017-11-16T12:19:15+0000 , https://graph.facebook.com/v2.11/134815143308923_615478391909260?fields=comments&access_token=135633287132095|0418ebbb9a5f93168ff465e68a58a45e ,n
ïºï»Ÿïºªï»³ï»¦ ïºï»«ï»¢ ï»£ï»¦ ïºï»Ÿïº ï»¤ïºï» ï»›ï»´ï»¤ïº ïºï»³ï»˜ï»®ï»Ÿï»® ïº—ï»œïº’ïº®ï»± ïºï»­ ïº—ïº¸ï»´ïºï»§ï»® ï»«ï»¬ï»¬ï»¬ï»¬ï»¬ï»ª ,2017-11-17T10:55:25+0000 , https://graph.facebook.com/v2.11/134815143308923_615478391909260?fields=comments&access_token=135633287132095|0418ebbb9a5f93168ff465e68a58a45e ,n
ya manel rabi 3taak le9boul ama mata3rech tetsaref fih ,2017-11-16T18:48:52+0000 , https://graph.facebook.com/v2.11/134815143308923_615370258586740?fields=comments&access_token=135633287132095|0418ebbb9a5f93168ff465e68a58a45e ,n
Mariit maitha7ek ,2017-11-16T13:16:37+0000 , https://graph.facebook.com/v2.11/134815143308923_615155975274835?fields=comments&access_token=135633287132095|0418ebbb9a5f93168ff465e68a58a45e ,n
ïº¯ï»£ï»¦ ï»£ï»Œï»œï»®ïº± ïº‘ïºï»Ÿï»¤ï»˜ï» ï»®ïº ï»§ïºïº± ïº—ï»ï»¨ï»² ïºƒïº»ï»®ïºïº—ï»¬ï»¢ ïº—ï»œïº´ïº® ïº³ïº˜ï»®ïº©ï»³ï»®ïºïº• ï»£ïºªï»“ï»®ï»§ï»´ï»¦ ï»£ï»®ïºï»«ïº ï»£ïº®ïº©ï»­ï»£ïº” ï»­ï»§ïºïº± ïº—ï»ï»¨ï»² ïº‘ïºï»Ÿï»”ï» ï»®ïº± ï»» ïº»ï»®ïº• ï»­ï»» ï»§ïº’ïº®ïº“ ï»»ïº«ïºïº• ï»»ïº»ï»´ï»”ïºïº• ïº©ï»§ï»´ïº ï»£ïºïº—ï»Œïº®ï»“ïº¶ ïº­ïºïºŸï» ï»¬ïº. ïº§ïº´ïºïº­ïº“ ï»“ï»´ï»¬ï»¢ ïºï»Ÿï»”ï»¦ ïºƒï»£ïº ï»Ÿï»´ï»¤ïºïº­ïº³ï»® ï»“ï»´ï»ª ïº‡ïº³ï»¤ï»® ï»‹ï»”ï»¦ ï»£ï»®ïº± ï»“ï»¦. ,2017-11-18T19:26:12+0000 , https://graph.facebook.com/v2.11/134815143308923_615006585289774?fields=comments&access_token=135633287132095|0418ebbb9a5f93168ff465e68a58a45e ,n
ï»‹ï»¤ï» ï»´ïºïº• ïºï»Ÿïº˜ïº ï»¤ï»´ï» ïº‘ïºï»§ïº– ï»‹ï» ï»° ï»­ïºŸï»¬ï»š ,2017-11-15T13:29:22+0000 , https://graph.facebook.com/v2.11/134815143308923_614979158625850?fields=comments&access_token=135633287132095|0418ebbb9a5f93168ff465e68a58a45e ,n
ïº£ïºïº³ïº’ïº” ïº­ï»­ïº£ï»¬ïº ïº¯ï»³ï»¨ïº” ï»«ï»¬ï»¬ï»ª ,2017-11-15T15:47:45+0000 , https://graph.facebook.com/v2.11/134815143308923_614979158625850?fields=comments&access_token=135633287132095|0418ebbb9a5f93168ff465e68a58a45e ,n
5eiiit wlhhh allah yosternaa ,2017-11-14T14:40:43+0000 , https://graph.facebook.com/v2.11/134815143308923_614489768674789?fields=comments&access_token=135633287132095|0418ebbb9a5f93168ff465e68a58a45e ,n
tnajem tkoun a7777777la  eb barcha mn haka ,2017-11-16T18:51:02+0000 , https://graph.facebook.com/v2.11/134815143308923_614489768674789?fields=comments&access_token=135633287132095|0418ebbb9a5f93168ff465e68a58a45e ,n
Masta ,2017-11-13T19:01:16+0000 , https://graph.facebook.com/v2.11/134815143308923_614073235383109?fields=comments&access_token=135633287132095|0418ebbb9a5f93168ff465e68a58a45e ,n
ï»³ïº ï»£ï»¨ïºï» ïº‘ïº®ïº£ï»¤ïº” ïº‘ï»®ï»™ ïºï»‹ï»„ï»´ï»¨ï»²  ïº¯ï»­ïº¯ ï»£ï»¼ï»³ï»¦ ïº§ï» ï»´ï»¨ï»² ï»§ïº¤ïº®ï»• ïº‘ï»´ï»¬ï»¢ ï»­ ï»§ï»®ï»‹ïºªï»™ ï»§ï»”ïº´ïº¦ ïºï»Ÿïº’ïºïº ï»£ïº˜ïºï»‹ï»š ïº‘ïºï»© ï»£ï»Œïºïº©ïºµ ï»§ïº¸ï»®ï»“ï»š ,2017-11-13T19:02:12+0000 , https://graph.facebook.com/v2.11/134815143308923_614073235383109?fields=comments&access_token=135633287132095|0418ebbb9a5f93168ff465e68a58a45e ,n
Dinya  rabi mich lik ou 8ama il mot rahi ,2017-11-13T19:22:30+0000 , https://graph.facebook.com/v2.11/134815143308923_614073235383109?fields=comments&access_token=135633287132095|0418ebbb9a5f93168ff465e68a58a45e ,n
Ma5ybk ,2017-11-13T19:59:41+0000 , https://graph.facebook.com/v2.11/134815143308923_614073235383109?fields=comments&access_token=135633287132095|0418ebbb9a5f93168ff465e68a58a45e ,n
Manel 3adoula ,2017-11-13T16:49:27+0000 , https://graph.facebook.com/v2.11/134815143308923_614010015389431?fields=comments&access_token=135633287132095|0418ebbb9a5f93168ff465e68a58a45e ,n
ï»‹ï»¬ï»Œï»Œï»Œï»Œï»Š ,2017-10-24T10:32:56+0000 , https://graph.facebook.com/v2.11/134815143308923_603002789823487?fields=comments&access_token=135633287132095|0418ebbb9a5f93168ff465e68a58a45e ,n
Kamil 4ani 3am 7ebib haz marto letbib we3meli album samih ena far5a ,2017-10-24T16:47:39+0000 , https://graph.facebook.com/v2.11/134815143308923_603002789823487?fields=comments&access_token=135633287132095|0418ebbb9a5f93168ff465e68a58a45e ,n
ï»«ï»¬ï»¬ï»¬ï»¬ï»¬ï»¬ï»¬ï»¬ï»ª ,2017-10-23T20:30:03+0000 , https://graph.facebook.com/v2.11/134815143308923_602676136522819?fields=comments&access_token=135633287132095|0418ebbb9a5f93168ff465e68a58a45e ,n
A3bad amnyka ,2017-10-23T21:20:48+0000 , https://graph.facebook.com/v2.11/134815143308923_602676136522819?fields=comments&access_token=135633287132095|0418ebbb9a5f93168ff465e68a58a45e ,n
Rab ka3ba la ,2017-10-24T14:21:15+0000 , https://graph.facebook.com/v2.11/134815143308923_602676136522819?fields=comments&access_token=135633287132095|0418ebbb9a5f93168ff465e68a58a45e ,n
hhhhh ch3arha t9oul souf na3ja ,2017-10-23T17:03:32+0000 , https://graph.facebook.com/v2.11/134815143308923_602568529866913?fields=comments&access_token=135633287132095|0418ebbb9a5f93168ff465e68a58a45e ,n
ï»³ïºïº³ïº® ï»£ï»˜ïº¤ï»®ï»Ÿï»ª ğŸ˜ ,2017-10-23T17:08:16+0000 , https://graph.facebook.com/v2.11/134815143308923_602568529866913?fields=comments&access_token=135633287132095|0418ebbb9a5f93168ff465e68a58a45e ,n
el5amja ,2017-10-23T17:11:19+0000 , https://graph.facebook.com/v2.11/134815143308923_602568529866913?fields=comments&access_token=135633287132095|0418ebbb9a5f93168ff465e68a58a45e ,n
hhhhh 3lach hada kol ya manal ,2017-10-23T15:51:42+0000 , https://graph.facebook.com/v2.11/134815143308923_602541019869664?fields=comments&access_token=135633287132095|0418ebbb9a5f93168ff465e68a58a45e ,n
gheneya aadia w maasta ,2017-10-23T10:19:36+0000 , https://graph.facebook.com/v2.11/134815143308923_602396643217435?fields=comments&access_token=135633287132095|0418ebbb9a5f93168ff465e68a58a45e ,n
Mala 7ala 5it m5ibh ,2017-10-23T12:03:25+0000 , https://graph.facebook.com/v2.11/134815143308923_602396643217435?fields=comments&access_token=135633287132095|0418ebbb9a5f93168ff465e68a58a45e ,n
Doudou khir mnk ,2017-10-23T14:59:26+0000 , https://graph.facebook.com/v2.11/134815143308923_602396643217435?fields=comments&access_token=135633287132095|0418ebbb9a5f93168ff465e68a58a45e ,n
Malgiti mata3mli ta3mil fi 8naya haka ,2017-10-23T16:07:42+0000 , https://graph.facebook.com/v2.11/134815143308923_602396643217435?fields=comments&access_token=135633287132095|0418ebbb9a5f93168ff465e68a58a45e ,n
hhhhhh dirilina vidÃ©o m3a doudou khir jhhhh ,2017-10-23T16:29:16+0000 , https://graph.facebook.com/v2.11/134815143308923_602396643217435?fields=comments&access_token=135633287132095|0418ebbb9a5f93168ff465e68a58a45e ,n
La8neya majet chey ,2017-10-23T18:05:15+0000 , https://graph.facebook.com/v2.11/134815143308923_602396643217435?fields=comments&access_token=135633287132095|0418ebbb9a5f93168ff465e68a58a45e ,n
Blhi ki tnahi lmikyaj twali hala ,2017-10-23T19:38:40+0000 , https://graph.facebook.com/v2.11/134815143308923_602396643217435?fields=comments&access_token=135633287132095|0418ebbb9a5f93168ff465e68a58a45e ,n
Hhh sa wla hwel ,2017-10-23T19:41:58+0000 , https://graph.facebook.com/v2.11/134815143308923_602396643217435?fields=comments&access_token=135633287132095|0418ebbb9a5f93168ff465e68a58a45e ,n
ï»£ï»¨ï»´ï»¦ ï»§ïºªï»­ïº­ ï»“ï»² ïºï»µï»›ïºï»± ï»§ï» ï»˜ïºï»™ ï»—ïºªïºï»£ï»²!! ïº‘ïº®ï»¯ ïºƒïº­ï»—ïºª ,2017-10-22T21:26:27+0000 , https://graph.facebook.com/v2.11/134815143308923_602176256572807?fields=comments&access_token=135633287132095|0418ebbb9a5f93168ff465e68a58a45e ,n
ï»³ïºïº³ïº® ï»£ï» ïº’ïº°ïº“ ,2017-10-22T21:32:21+0000 , https://graph.facebook.com/v2.11/134815143308923_602176256572807?fields=comments&access_token=135633287132095|0418ebbb9a5f93168ff465e68a58a45e ,n
ïºï»‡ï»¬ïº® ï»­ ïº‘ïºïºï»¥ ï»‹ï» ï»´ï»´ï»š ïºï»»ï»£ïºïºï»¥ ğŸ˜‚ğŸ˜‚ğŸ˜‚... ïºïº§ï»„ïºï»§ïºïº ï»‹ïºïºïº© ï»«ïº¬ïº ï»‹ï»¤ïºïºïº­ïº“ ğŸ˜‚ğŸ˜‚ ïºï»£ïº ï»£ï»¨ïºï» ï»­ï»³ï»¨ï»² !!! ,2017-10-22T21:36:31+0000 , https://graph.facebook.com/v2.11/134815143308923_602176256572807?fields=comments&access_token=135633287132095|0418ebbb9a5f93168ff465e68a58a45e ,n
Mafhemtech 3leh lebssa haka yesser mgou3ra w clipe la 3ale9a kalimet 3al7iiit ,2017-10-22T21:39:23+0000 , https://graph.facebook.com/v2.11/134815143308923_602176256572807?fields=comments&access_token=135633287132095|0418ebbb9a5f93168ff465e68a58a45e ,n
ïº­ïºï»™ ï»‹ï»¤ï» ïº– ï»Ÿï»Œïºïº­ ,2017-10-22T21:39:27+0000 , https://graph.facebook.com/v2.11/134815143308923_602176256572807?fields=comments&access_token=135633287132095|0418ebbb9a5f93168ff465e68a58a45e ,n
ïº‘ïº®ïº·ïº ïº‘ï»®ïº—ï»®ï»›ïº² ï»­ ïº³ï»´ï» ï»´ï»œï»®ï»¥ ï»­ ï»£ïºï»›ï»´ïºïº ï»³ïº ïº—ï»®ï»§ïº² ï»“ï»² ïºï»Ÿï»˜ï» ïº ïº‘ïº®ïº‘ï»² ïº©ï»­ïºµ ïº‘ïºï»«ï»² ï»­ ïºï»‹ï»„ï»² ï·²ï»£ï»˜ïºï»­ï» ï»›ï»®ï»§ïº ï»² ï»­ïºï»‹ï»¤ï» ïº³ï» ï»”ï»² ,2017-10-22T21:41:37+0000 , https://graph.facebook.com/v2.11/134815143308923_602176256572807?fields=comments&access_token=135633287132095|0418ebbb9a5f93168ff465e68a58a45e ,n
ïº—ï»®ï»§ïº² ïºï»£ïºœïºï»Ÿï»š ïº­ïºï»«ï»¢ ïº£ï»„ï»®ï»«ïº ï»“ï» ï»¤ïº°ïº‘ï» ïº” ï»£ïº¶ ï»“ï»² ï»—ï» ï»˜ï» ïº ,2017-10-22T22:04:39+0000 , https://graph.facebook.com/v2.11/134815143308923_602176256572807?fields=comments&access_token=135633287132095|0418ebbb9a5f93168ff465e68a58a45e ,n
ï»Ÿï»² ï»›ï»´ï»”ï»š ï»­ïº³ïº¨ï»®ïº ïº³ï»¤ï»Œïº” ïº—ï»®ï»§ïº² ï»‹ï»´ïº ï»‹ï» ï»¢ ïº·ïº®ï»³ï»’ ïº—ïº¤ï»„ï»² ï»—ïºªïºï»£ï»® ïº»ï»®ïº­ïº“ ïº‘ï»¼ ïº£ï»´ïºïº€ ,2017-10-22T22:11:03+0000 , https://graph.facebook.com/v2.11/134815143308923_602176256572807?fields=comments&access_token=135633287132095|0418ebbb9a5f93168ff465e68a58a45e ,n
ï»£ï»¦ ïºïº—ï»”ï»ª ï»£ïº ïº­ï»³ïº– ,2017-10-23T09:47:13+0000 , https://graph.facebook.com/v2.11/134815143308923_602154629908303?fields=comments&access_token=135633287132095|0418ebbb9a5f93168ff465e68a58a45e ,n
ï»» ï»“ï»² ïºï»Ÿïº¤ï»˜ï»´ï»˜ïº” ïºïº‘ïºªï»‹ïº–  ïº·ï»¨ï»®ïº ï»›ï» ï»¤ïºïº• ï»­ïº·ï»¨ï»®ïº ï»£ï»Œïºï»§ï»² ï»­ïº·ï»¨ï»®ïº ïº­ï»—ï»² ïº£ïºïºŸïº” ï»«ïºï»³ï» ïº” ï»Ÿï» ïº¼ï»ï»´ïº®ïºïº• ïº·ï»œï» ï»² ïº·ï»œï»¼ ïº£ïºïºŸïº” ï»›ï»´ï»’ ïºï»Ÿïº¨ïº®ïºïº€ ,2017-10-23T11:42:07+0000 , https://graph.facebook.com/v2.11/134815143308923_602154629908303?fields=comments&access_token=135633287132095|0418ebbb9a5f93168ff465e68a58a45e ,n
Mamestk ,2017-10-22T19:32:48+0000 , https://graph.facebook.com/v2.11/134815143308923_602123033244796?fields=comments&access_token=135633287132095|0418ebbb9a5f93168ff465e68a58a45e ,n
ï»£ïº¶ ï»³ïº´ïº® ï»£ïº´ï»‚ ,2017-10-22T23:05:31+0000 , https://graph.facebook.com/v2.11/134815143308923_602123033244796?fields=comments&access_token=135633287132095|0418ebbb9a5f93168ff465e68a58a45e ,n
"mta3 frou5 pffff bouhaliya mta3 wthni , ",2017-10-22T16:00:38+0000 , https://graph.facebook.com/v2.11/134815143308923_601870859936680?fields=comments&access_token=135633287132095|0418ebbb9a5f93168ff465e68a58a45e ,n
Ma5yeb mandhrek ,2017-10-21T21:11:33+0000 , https://graph.facebook.com/v2.11/134815143308923_601580653299034?fields=comments&access_token=135633287132095|0418ebbb9a5f93168ff465e68a58a45e ,n
ï»£ïº ï»“ï»¬ï»¤ïº– ïº·ï»²ïº€ ,2017-10-21T21:12:46+0000 , https://graph.facebook.com/v2.11/134815143308923_601580653299034?fields=comments&access_token=135633287132095|0418ebbb9a5f93168ff465e68a58a45e ,n
chai ibaki mouch behya bsara7a karek samitha fekra ki tekra ,2017-10-21T21:13:56+0000 , https://graph.facebook.com/v2.11/134815143308923_601580653299034?fields=comments&access_token=135633287132095|0418ebbb9a5f93168ff465e68a58a45e ,n
ïºï»Ÿï»¤ï»Œï»¨ï»° ïºï»Ÿïº¤ï»˜ï»´ï»˜ï»² ï»Ÿï»œï» ï»¤ïº”\nï»ï»®ïº­ï»³ï»¼ ,2017-10-21T21:01:34+0000 , https://graph.facebook.com/v2.11/134815143308923_601557336634699?fields=comments&access_token=135633287132095|0418ebbb9a5f93168ff465e68a58a45e ,n
ïº‘ïº ïºï»© ïº­ïº‘ï»² ïº³ï»œïº®ï»­ï»Ÿï»¬ïº ïºï»Ÿï»œï»®ï»§ïº– ï»£ïº˜ïºï»‹ï»¬ïº ï»«ïº ïºï»Ÿïº°ïº‘ï» ïº” ,2017-10-21T21:05:03+0000 , https://graph.facebook.com/v2.11/134815143308923_601557336634699?fields=comments&access_token=135633287132095|0418ebbb9a5f93168ff465e68a58a45e ,n
N'importe quoi !!!!!! ,2017-10-21T21:05:08+0000 , https://graph.facebook.com/v2.11/134815143308923_601557336634699?fields=comments&access_token=135633287132095|0418ebbb9a5f93168ff465e68a58a45e ,n
ïº‘ï»”ï»”ï»’ ïº­ïºï»›ï»² ïº—ï»Œï»´ï»”ï»² ï»­ï·² ï»£ï»¦ ïºï»Ÿïº ïº°ïºïº‹ïº® ï»ï»´ïº® ï»£ïº®ïº£ïº ïº‘ï»š ï»³ïº ï»‹ïºï»«ïº®ïº“ ,2017-10-21T21:30:37+0000 , https://graph.facebook.com/v2.11/134815143308923_601557336634699?fields=comments&access_token=135633287132095|0418ebbb9a5f93168ff465e68a58a45e ,n
5ayba ,2017-10-21T21:33:17+0000 , https://graph.facebook.com/v2.11/134815143308923_601557336634699?fields=comments&access_token=135633287132095|0418ebbb9a5f93168ff465e68a58a45e ,n
ïº¯ïº¡ ï»›ï»¨ïº– ï»£ïº¤ï»¼ï»™ ï»‹ï»¼ï»© ï»«ï»œïº ï»£ï»œï»´ïºïºŸï»š ï»­ ïº·ï»Œïº®ï»™ØŸØŸØŸØŸ ğŸ˜”ğŸ˜” ,2017-10-21T19:52:30+0000 , https://graph.facebook.com/v2.11/134815143308923_601541579969608?fields=comments&access_token=135633287132095|0418ebbb9a5f93168ff465e68a58a45e ,n
Y'a 8erda ma5yabha ,2017-10-21T19:52:43+0000 , https://graph.facebook.com/v2.11/134815143308923_601541579969608?fields=comments&access_token=135633287132095|0418ebbb9a5f93168ff465e68a58a45e ,n
Mabslek ,2017-10-21T19:52:55+0000 , https://graph.facebook.com/v2.11/134815143308923_601541579969608?fields=comments&access_token=135633287132095|0418ebbb9a5f93168ff465e68a58a45e ,n
Yaz 3ad hhhhhh ,2017-10-21T19:53:15+0000 , https://graph.facebook.com/v2.11/134815143308923_601541579969608?fields=comments&access_token=135633287132095|0418ebbb9a5f93168ff465e68a58a45e ,n
Mala mander offfff ,2017-10-21T19:53:41+0000 , https://graph.facebook.com/v2.11/134815143308923_601541579969608?fields=comments&access_token=135633287132095|0418ebbb9a5f93168ff465e68a58a45e ,n
ï»‹ïº°ï»­ïº¯ ,2017-10-21T19:54:48+0000 , https://graph.facebook.com/v2.11/134815143308923_601541579969608?fields=comments&access_token=135633287132095|0418ebbb9a5f93168ff465e68a58a45e ,n
ï»£ï»œï»´ïºïºŸï»š ï»£ïº¶ ïº£ï» ï»® ,2017-10-21T19:56:28+0000 , https://graph.facebook.com/v2.11/134815143308923_601541579969608?fields=comments&access_token=135633287132095|0418ebbb9a5f93168ff465e68a58a45e ,n
brabi chnoua li naturel fi badnik ? ,2017-10-21T19:56:32+0000 , https://graph.facebook.com/v2.11/134815143308923_601541579969608?fields=comments&access_token=135633287132095|0418ebbb9a5f93168ff465e68a58a45e ,n
Mamsatha chbiha haka walet ,2017-10-21T19:57:49+0000 , https://graph.facebook.com/v2.11/134815143308923_601541579969608?fields=comments&access_token=135633287132095|0418ebbb9a5f93168ff465e68a58a45e ,n
Mchiti starti rouhk ken 5ir ma3ndek win tousli bih la3re welgre ,2017-10-21T19:58:31+0000 , https://graph.facebook.com/v2.11/134815143308923_601541579969608?fields=comments&access_token=135633287132095|0418ebbb9a5f93168ff465e68a58a45e ,n
Alech 3amla fi rouhk hakka ???? ,2017-10-21T20:36:19+0000 , https://graph.facebook.com/v2.11/134815143308923_601496479974118?fields=comments&access_token=135633287132095|0418ebbb9a5f93168ff465e68a58a45e ,n
Chbik zarra9t wejhik bil maquillage  ??!!! ,2017-10-21T15:12:53+0000 , https://graph.facebook.com/v2.11/134815143308923_601437629980003?fields=comments&access_token=135633287132095|0418ebbb9a5f93168ff465e68a58a45e ,n
3aza a3la rassek ma5yebek ğŸ˜ˆğŸ˜ˆğŸ˜ˆğŸ˜ˆğŸ™ˆğŸ™ˆğŸ™ˆğŸ™ˆğŸ™ˆğŸ™ˆğŸ™ˆğŸ™ˆğŸ™ˆ ,2017-10-21T15:13:46+0000 , https://graph.facebook.com/v2.11/134815143308923_601437629980003?fields=comments&access_token=135633287132095|0418ebbb9a5f93168ff465e68a58a45e ,n
A3lech 3amel fi rou7ek hak 9abel kount a7le ,2017-10-21T15:18:31+0000 , https://graph.facebook.com/v2.11/134815143308923_601437629980003?fields=comments&access_token=135633287132095|0418ebbb9a5f93168ff465e68a58a45e ,n
Ye5i ltaw houni hedhi..chay y3ayef ,2017-11-13T17:00:13+0000 , https://graph.facebook.com/v2.11/134815143308923_614010015389431?fields=comments&access_token=135633287132095|0418ebbb9a5f93168ff465e68a58a45e , n
Chayenne Conrad ,2017-11-13T10:45:17+0000 , https://graph.facebook.com/v2.11/134815143308923_613525535437879?fields=comments&access_token=135633287132095|0418ebbb9a5f93168ff465e68a58a45e , n
Ma3jibnich toool farcha yogtel ,2017-11-13T12:51:34+0000 , https://graph.facebook.com/v2.11/134815143308923_613525535437879?fields=comments&access_token=135633287132095|0418ebbb9a5f93168ff465e68a58a45e ,n
ï»ï»”ïº¸ïº” ,2017-11-09T18:49:55+0000 , https://graph.facebook.com/v2.11/134815143308923_611856835604749?fields=comments&access_token=135633287132095|0418ebbb9a5f93168ff465e68a58a45e ,n
Zombie !!! ,2017-11-09T22:11:14+0000 , https://graph.facebook.com/v2.11/134815143308923_611856835604749?fields=comments&access_token=135633287132095|0418ebbb9a5f93168ff465e68a58a45e ,n
mamsteeeeeeeek o ma7lehoum enes eli orak ,2017-11-08T20:29:16+0000 , https://graph.facebook.com/v2.11/134815143308923_611392372317862?fields=comments&access_token=135633287132095|0418ebbb9a5f93168ff465e68a58a45e ,n
7al9a masta ,2017-11-08T20:33:43+0000 , https://graph.facebook.com/v2.11/134815143308923_611389928984773?fields=comments&access_token=135633287132095|0418ebbb9a5f93168ff465e68a58a45e ,n
ï»£ïºïº³ï»„ïº” ï»»ïº»ï»„ïº” ï»›ï»² ïºï»§ïº– ï»™ ïºï»™ ï»ƒïº®ï»ƒï»®ïº­ ï»Ÿï»² ï»»ïº»ï»– ï»™ ïº·ï»®ï»³ï»¨ï»˜ï»®ï»¡ ,2017-11-06T13:07:24+0000 , https://graph.facebook.com/v2.11/134815143308923_610131332443966?fields=comments&access_token=135633287132095|0418ebbb9a5f93168ff465e68a58a45e ,n
ï»Ÿï»®ï»¥ ïº·ï»Œïº®ï»™ ïº‘ïº¸ï»Š ï»ï»´ïº®ï»³ï»ª ,2017-11-06T16:38:07+0000 , https://graph.facebook.com/v2.11/134815143308923_610131332443966?fields=comments&access_token=135633287132095|0418ebbb9a5f93168ff465e68a58a45e ,n
ïº‘ï» ïº¤ïº®ïºï»¡ ï»»ï»§ï»² ï»£ïº˜ï»”ïº®ïº ,2017-11-06T12:56:19+0000 , https://graph.facebook.com/v2.11/134815143308923_610131025777330?fields=comments&access_token=135633287132095|0418ebbb9a5f93168ff465e68a58a45e ,n
ï»›ï»¼ï»™ ïºï»Ÿïº¸ï»´ïº !!!!! ,2017-11-05T23:18:10+0000 , https://graph.facebook.com/v2.11/134815143308923_609868655803567?fields=comments&access_token=135633287132095|0418ebbb9a5f93168ff465e68a58a45e ,n
chouf 3ada haka star boudourou ,2017-11-06T15:51:11+0000 , https://graph.facebook.com/v2.11/134815143308923_609868655803567?fields=comments&access_token=135633287132095|0418ebbb9a5f93168ff465e68a58a45e ,n
Service ma3jibnich bilwjouh ,2017-11-06T23:16:19+0000 , https://graph.facebook.com/v2.11/134815143308923_609845532472546?fields=comments&access_token=135633287132095|0418ebbb9a5f93168ff465e68a58a45e ,n
ï»£ïºïºƒïº³ï»„ï»š ,2017-11-05T20:56:15+0000 , https://graph.facebook.com/v2.11/134815143308923_609819365808496?fields=comments&access_token=135633287132095|0418ebbb9a5f93168ff465e68a58a45e ,n
3arÅ•rrrrr ,2017-11-05T18:02:42+0000 , https://graph.facebook.com/v2.11/134815143308923_609738305816602?fields=comments&access_token=135633287132095|0418ebbb9a5f93168ff465e68a58a45e ,n
ïº·ï»®ï»‘ ï»‹ïºïº© ïºï»Ÿï»¬ïºªïº­ïº“ ïºï»Ÿï»œïº’ï»´ïº®ïº“ . ï»›ïºï»¥ ïºŸïºïº• ï»ƒïº’ï»´ïº’ïº” ïºŸïº®ïºïº£ïº” ï»­ ïºï»» ï»‹ïºï»Ÿï»¤ïº” ïº«ïº­ïº“ ï»­ ïºï»» ï»£ïº´ïº˜ï»œïº¸ï»”ïº” ï»‹ï» ï»¤ï»´ïº” ïº­ïºï»«ï»² ï»£ï»®ïºµ ï»£ïº¸ï»¬ï»®ïº­ïº“ ï»«ï»œïº” ,2017-11-04T18:35:31+0000 , https://graph.facebook.com/v2.11/134815143308923_609178475872585?fields=comments&access_token=135633287132095|0418ebbb9a5f93168ff465e68a58a45e ,n
ï»£ï»¤ïº´ï»„ï»œï»¢ ï»­ï·² ï»§ïºïº± ï»³ï»Œï» ï»¢ ïº‘ï»´ï»¬ïº ïº­ïº‘ï»² ï»­ï»§ïºïº± ïº—ïºï»“ï»¬ïº” ïº‘ïºïº—ï»¢ ï»£ï»Œï»¨ï»² ïºï»Ÿï»œï» ï»¤ïº” ï»³ï»¨ïºïº­ï»± ï»‹ï» ï»² ïº—ï»®ï»§ïº² ,2017-11-02T18:58:17+0000 , https://graph.facebook.com/v2.11/134815143308923_608154052641694?fields=comments&access_token=135633287132095|0418ebbb9a5f93168ff465e68a58a45e ,n
ïº£ïº´ï»´ïº˜ï»š ï»›ï»² ïºï»¡ ïºï»Ÿïº’ï»®ï»³ïº ï»“ï»² ïºï»Ÿïº˜ïº¼ï»®ï»³ïº®ïº“ ï»«ïºïº«ï»± ğŸğŸ™ ï»³ïºï»‹ïº” ï»£ïº¤ï»¼ï»™ ï»“ï»² ïºï»Ÿï»Œïºïº©ïº“ ,2017-11-02T17:10:55+0000 , https://graph.facebook.com/v2.11/134815143308923_608099705980462?fields=comments&access_token=135633287132095|0418ebbb9a5f93168ff465e68a58a45e ,n
ï»»ï»‰ï»»ï»—ïº” ïº‘ïºï»Ÿï»”ï»¦ ï»­ï»» ïºï»Ÿïº ï»¤ïºï» ïºï»Ÿï»”ï»¦ ï»Ÿï»„ï»”ï»² ïº‘ï»®ïº·ï»¨ïºï»• ï»­ï»± ïº»ïºïº‘ïº®ïºï»Ÿïº®ïº‘ïºï»‹ï»² ï»­ï»±    ïºï»Ÿïº ïº°ïºïº‹ïº® ,2017-11-01T14:06:57+0000 , https://graph.facebook.com/v2.11/134815143308923_607550542702045?fields=comments&access_token=135633287132095|0418ebbb9a5f93168ff465e68a58a45e ,n
ï»§ï»˜ïºº ï»£ï»¦ ïºï»Ÿï»˜ïº¤ïº ï»³ïº ï»‹ï»¤ïºïº­ï»© ,2017-10-29T22:26:41+0000 , https://graph.facebook.com/v2.11/134815143308923_606054679518298?fields=comments&access_token=135633287132095|0418ebbb9a5f93168ff465e68a58a45e ,n
ïº—ïºï»“ï»¬ïº” ï»­ï·² ïº—ïºï»“ï»¬ïº” ï»›ïºï»¥ ïº—ïº´ïº¨ïºï» ïº­ï»­ïº£ï»š ïº—ï»Œï»¤ï» ï»“ï»² ïºï»Ÿï»”ï»¦ ïº­ïºï»™ ï»ïºï»Ÿï»„ïº” ,2017-10-29T13:14:21+0000 , https://graph.facebook.com/v2.11/134815143308923_605914946198938?fields=comments&access_token=135633287132095|0418ebbb9a5f93168ff465e68a58a45e ,n
ïº—ï»Œï»´ï»’ ,2017-10-29T17:14:54+0000 , https://graph.facebook.com/v2.11/134815143308923_605914946198938?fields=comments&access_token=135633287132095|0418ebbb9a5f93168ff465e68a58a45e ,n
ï»£ï»¤ïº´ï»„ï»œï»¢ ,2017-10-28T14:55:35+0000 , https://graph.facebook.com/v2.11/134815143308923_605354046255028?fields=comments&access_token=135633287132095|0418ebbb9a5f93168ff465e68a58a45e ,n
ï»£ï»¤ïº´ïº˜ï»š ,2017-10-28T12:29:43+0000 , https://graph.facebook.com/v2.11/134815143308923_605317806258652?fields=comments&access_token=135633287132095|0418ebbb9a5f93168ff465e68a58a45e ,n
tawa 12.33 mazelou 3inik manfou5in b noum !!! ,2017-10-27T11:33:36+0000 , https://graph.facebook.com/v2.11/134815143308923_604735036316929?fields=comments&access_token=135633287132095|0418ebbb9a5f93168ff465e68a58a45e ,n
Ty bari ma5iybek ,2017-10-27T10:20:51+0000 , https://graph.facebook.com/v2.11/134815143308923_604701686320264?fields=comments&access_token=135633287132095|0418ebbb9a5f93168ff465e68a58a45e ,n
Tnajem tne7i lunette w casquette rahou mafemech chams rak fi west m7all..brabi yezi bla tguo3ir ,2017-10-27T09:56:19+0000 , https://graph.facebook.com/v2.11/134815143308923_604684652988634?fields=comments&access_token=135633287132095|0418ebbb9a5f93168ff465e68a58a45e ,n
ï»«ï»¬ï»¬ï»¬ï»¬ï»ª ï»§ï»¬ïºïº­ ï»³ïº˜ï»ï»„ï»° ïº·ï»Œïº®ï»™ ï»³ïº’ïºï»¥ ï»‹ï»´ïº’ï»š ïº—ï»˜ï»®ï» ï»£ï»¦ ïºï»Ÿïº°ï»­ïºïº£ï»’ ,2017-10-27T12:25:58+0000 , https://graph.facebook.com/v2.11/134815143308923_604671349656631?fields=comments&access_token=135633287132095|0418ebbb9a5f93168ff465e68a58a45e ,n
Gdekch tefha ,2017-10-27T16:15:42+0000 , https://graph.facebook.com/v2.11/134815143308923_604412159682550?fields=comments&access_token=135633287132095|0418ebbb9a5f93168ff465e68a58a45e ,n
ïº›ï»Œï» ï»®ïº‘ïº” ïº‘ïº„ï»Ÿï»®ïºï»¥ ,2017-10-24T22:41:12+0000 , https://graph.facebook.com/v2.11/134815143308923_603318483125251?fields=comments&access_token=135633287132095|0418ebbb9a5f93168ff465e68a58a45e ,n
E7chem chwayağŸ˜¡ ,2017-10-24T17:09:07+0000 , https://graph.facebook.com/v2.11/134815143308923_603194716470961?fields=comments&access_token=135633287132095|0418ebbb9a5f93168ff465e68a58a45e ,n
ï»³ïº¨ï»² ï»›ï»®ï»£ï»´ï»š ï»«ïº¬ïº ï»­ï»¥ ï»³ï»Œïºªï»­ ï»“ï»´ï»ª ØŸØŸ ,2017-10-24T17:11:26+0000 , https://graph.facebook.com/v2.11/134815143308923_603194716470961?fields=comments&access_token=135633287132095|0418ebbb9a5f93168ff465e68a58a45e ,n
dsl mais j'aime pas ,2017-10-24T17:14:49+0000 , https://graph.facebook.com/v2.11/134815143308923_603194716470961?fields=comments&access_token=135633287132095|0418ebbb9a5f93168ff465e68a58a45e ,n
masta lasta ,2017-10-24T17:05:48+0000 , https://graph.facebook.com/v2.11/134815143308923_603187496471683?fields=comments&access_token=135633287132095|0418ebbb9a5f93168ff465e68a58a45e ,n
Bari toubi 5ir lyoum wes3a 5odwa vi9a rabi mawejoud ,2017-10-24T18:43:33+0000 , https://graph.facebook.com/v2.11/134815143308923_603187496471683?fields=comments&access_token=135633287132095|0418ebbb9a5f93168ff465e68a58a45e ,n
ïº‘ïº®ïºŸï»®ï»Ÿï»´ïºï»£ï»¨ïºï» ïºï»Ÿï»®ï»™ ïºï»£ïº˜ïºï»‹ï»š ïºïº£ï» ï»® ïºï»£ïº ïºï»Ÿï»ï»¨ï»´ïº ï»£ïº´ï»‚ ï»£ïºïº³ï»‚ ,2017-10-24T19:20:13+0000 , https://graph.facebook.com/v2.11/134815143308923_603187496471683?fields=comments&access_token=135633287132095|0418ebbb9a5f93168ff465e68a58a45e ,n
ZÃ©ro ,2017-10-25T00:32:58+0000 , https://graph.facebook.com/v2.11/134815143308923_603187496471683?fields=comments&access_token=135633287132095|0418ebbb9a5f93168ff465e68a58a45e ,n
ï»£ï»¦ ï»­ï»—ïº˜ïºïºµ ïº·ï»œï» ï»² ïº·ï»œï»¼ ï»§ï» ï»Œïº’ï»®ï»«ïº ïº‘ï» ï»„ïº®ï»³ï»˜ïº” ï»«ïºïº«ï»± ï»›ï» ïº·ï»´ïºŠ ï»£ïº¼ïº˜ï»®ï»© ,2017-10-24T08:05:47+0000 , https://graph.facebook.com/v2.11/134815143308923_602676136522819?fields=comments&access_token=135633287132095|0418ebbb9a5f93168ff465e68a58a45e ,n
Hhhhhhh chey ibaki a5ert el fan fi tunis ,2017-10-27T18:05:37+0000 , https://graph.facebook.com/v2.11/134815143308923_602644709859295?fields=comments&access_token=135633287132095|0418ebbb9a5f93168ff465e68a58a45e ,n
hhhhh ch3arha t9oul souf na3ja ,2017-10-23T17:03:32+0000 , https://graph.facebook.com/v2.11/134815143308923_602568529866913?fields=comments&access_token=135633287132095|0418ebbb9a5f93168ff465e68a58a45e ,n
ï»³ïºïº³ïº® ï»£ï»˜ïº¤ï»®ï»Ÿï»ª ğŸ˜ ,2017-10-23T17:08:16+0000 , https://graph.facebook.com/v2.11/134815143308923_602568529866913?fields=comments&access_token=135633287132095|0418ebbb9a5f93168ff465e68a58a45e ,n
el5amja ,2017-10-23T17:11:19+0000 , https://graph.facebook.com/v2.11/134815143308923_602568529866913?fields=comments&access_token=135633287132095|0418ebbb9a5f93168ff465e68a58a45e ,n
gheneya aadia w maasta ,2017-10-23T10:19:36+0000 , https://graph.facebook.com/v2.11/134815143308923_602396643217435?fields=comments&access_token=135633287132095|0418ebbb9a5f93168ff465e68a58a45e ,n
Mala 7ala 5it m5ibh ,2017-10-23T12:03:25+0000 , https://graph.facebook.com/v2.11/134815143308923_602396643217435?fields=comments&access_token=135633287132095|0418ebbb9a5f93168ff465e68a58a45e ,n
Doudou khir mnk ,2017-10-23T14:59:26+0000 , https://graph.facebook.com/v2.11/134815143308923_602396643217435?fields=comments&access_token=135633287132095|0418ebbb9a5f93168ff465e68a58a45e ,n
hhhhhh dirilina vidÃ©o m3a doudou khir jhhhh ,2017-10-23T16:29:16+0000 , https://graph.facebook.com/v2.11/134815143308923_602396643217435?fields=comments&access_token=135633287132095|0418ebbb9a5f93168ff465e68a58a45e ,n
La8neya majet chey ,2017-10-23T18:05:15+0000 , https://graph.facebook.com/v2.11/134815143308923_602396643217435?fields=comments&access_token=135633287132095|0418ebbb9a5f93168ff465e68a58a45e ,n
Blhi ki tnahi lmikyaj twali hala ,2017-10-23T19:38:40+0000 , https://graph.facebook.com/v2.11/134815143308923_602396643217435?fields=comments&access_token=135633287132095|0418ebbb9a5f93168ff465e68a58a45e ,n
Methla al7isan hhhhhh ,2017-10-24T15:37:38+0000 , https://graph.facebook.com/v2.11/134815143308923_602396643217435?fields=comments&access_token=135633287132095|0418ebbb9a5f93168ff465e68a58a45e ,n
ï»£ï»¨ï»´ï»¦ ï»§ïºªï»­ïº­ ï»“ï»² ïºï»µï»›ïºï»± ï»§ï» ï»˜ïºï»™ ï»—ïºªïºï»£ï»²!! ïº‘ïº®ï»¯ ïºƒïº­ï»—ïºª ,2017-10-22T21:26:27+0000 , https://graph.facebook.com/v2.11/134815143308923_602176256572807?fields=comments&access_token=135633287132095|0418ebbb9a5f93168ff465e68a58a45e ,n
ï»³ïºïº³ïº® ï»£ï» ïº’ïº°ïº“ ,2017-10-22T21:32:21+0000 , https://graph.facebook.com/v2.11/134815143308923_602176256572807?fields=comments&access_token=135633287132095|0418ebbb9a5f93168ff465e68a58a45e ,n
ïº­ïºï»™ ï»‹ï»¤ï» ïº– ï»Ÿï»Œïºïº­ ,2017-10-22T21:39:27+0000 , https://graph.facebook.com/v2.11/134815143308923_602176256572807?fields=comments&access_token=135633287132095|0418ebbb9a5f93168ff465e68a58a45e ,n
ïº‘ïº®ïº·ïº ïº‘ï»®ïº—ï»®ï»›ïº² ï»­ ïº³ï»´ï» ï»´ï»œï»®ï»¥ ï»­ ï»£ïºï»›ï»´ïºïº ï»³ïº ïº—ï»®ï»§ïº² ï»“ï»² ïºï»Ÿï»˜ï» ïº ïº‘ïº®ïº‘ï»² ïº©ï»­ïºµ ïº‘ïºï»«ï»² ï»­ ïºï»‹ï»„ï»² ï·²ï»£ï»˜ïºï»­ï» ï»›ï»®ï»§ïº ï»² ï»­ïºï»‹ï»¤ï» ïº³ï» ï»”ï»² ,2017-10-22T21:41:37+0000 , https://graph.facebook.com/v2.11/134815143308923_602176256572807?fields=comments&access_token=135633287132095|0418ebbb9a5f93168ff465e68a58a45e ,n
ïº—ï»®ï»§ïº² ïºï»£ïºœïºï»Ÿï»š ïº­ïºï»«ï»¢ ïº£ï»„ï»®ï»«ïº ï»“ï» ï»¤ïº°ïº‘ï» ïº” ï»£ïº¶ ï»“ï»² ï»—ï» ï»˜ï» ïº ,2017-10-22T22:04:39+0000 , https://graph.facebook.com/v2.11/134815143308923_602176256572807?fields=comments&access_token=135633287132095|0418ebbb9a5f93168ff465e68a58a45e ,n
ï»£ï»¦ ïºïº—ï»”ï»ª ï»£ïº ïº­ï»³ïº– ,2017-10-23T09:47:13+0000 , https://graph.facebook.com/v2.11/134815143308923_602154629908303?fields=comments&access_token=135633287132095|0418ebbb9a5f93168ff465e68a58a45e ,n
ï»» ï»“ï»² ïºï»Ÿïº¤ï»˜ï»´ï»˜ïº” ïºïº‘ïºªï»‹ïº–  ïº·ï»¨ï»®ïº ï»›ï» ï»¤ïºïº• ï»­ïº·ï»¨ï»®ïº ï»£ï»Œïºï»§ï»² ï»­ïº·ï»¨ï»®ïº ïº­ï»—ï»² ïº£ïºïºŸïº” ï»«ïºï»³ï» ïº” ï»Ÿï» ïº¼ï»ï»´ïº®ïºïº• ïº·ï»œï» ï»² ïº·ï»œï»¼ ïº£ïºïºŸïº” ï»›ï»´ï»’ ïºï»Ÿïº¨ïº®ïºïº€ ,2017-10-23T11:42:07+0000 , https://graph.facebook.com/v2.11/134815143308923_602154629908303?fields=comments&access_token=135633287132095|0418ebbb9a5f93168ff465e68a58a45e ,n
Mamestk ,2017-10-22T19:32:48+0000 , https://graph.facebook.com/v2.11/134815143308923_602123033244796?fields=comments&access_token=135633287132095|0418ebbb9a5f93168ff465e68a58a45e ,n
ï»£ïº¶ ï»³ïº´ïº® ï»£ïº´ï»‚ ,2017-10-22T23:05:31+0000 , https://graph.facebook.com/v2.11/134815143308923_602123033244796?fields=comments&access_token=135633287132095|0418ebbb9a5f93168ff465e68a58a45e ,n
"mta3 frou5 pffff bouhaliya mta3 wthni , ",2017-10-22T16:00:38+0000 , https://graph.facebook.com/v2.11/134815143308923_601870859936680?fields=comments&access_token=135633287132095|0418ebbb9a5f93168ff465e68a58a45e ,n
ïº£ï» ï»® ï»‹ï» ïº¨ïº® ïº‘ïº®ïºï»“ï»®ï»­ï»­ï»­ ,2017-10-21T21:09:43+0000 , https://graph.facebook.com/v2.11/134815143308923_601580653299034?fields=comments&access_token=135633287132095|0418ebbb9a5f93168ff465e68a58a45e ,n
Ma5yeb mandhrek ,2017-10-21T21:11:33+0000 , https://graph.facebook.com/v2.11/134815143308923_601580653299034?fields=comments&access_token=135633287132095|0418ebbb9a5f93168ff465e68a58a45e ,n
Mamestk ,2017-10-22T19:32:48+0000 , https://graph.facebook.com/v2.11/134815143308923_602123033244796?fields=comments&access_token=135633287132095|0418ebbb9a5f93168ff465e68a58a45e ,n
ï»£ïº ï»“ï»¬ï»¤ïº– ïº·ï»²ïº€ ,2017-10-21T21:12:46+0000 , https://graph.facebook.com/v2.11/134815143308923_601580653299034?fields=comments&access_token=135633287132095|0418ebbb9a5f93168ff465e68a58a45e ,n
ïºï»Ÿï»¤ï»Œï»¨ï»° ïºï»Ÿïº¤ï»˜ï»´ï»˜ï»² ï»Ÿï»œï» ï»¤ïº”\nï»ï»®ïº­ï»³ï»¼ ,2017-10-21T21:01:34+0000 , https://graph.facebook.com/v2.11/134815143308923_601557336634699?fields=comments&access_token=135633287132095|0418ebbb9a5f93168ff465e68a58a45e ,n
ïº‘ïº ïºï»© ïº­ïº‘ï»² ïº³ï»œïº®ï»­ï»Ÿï»¬ïº ïºï»Ÿï»œï»®ï»§ïº– ï»£ïº˜ïºï»‹ï»¬ïº ï»«ïº ïºï»Ÿïº°ïº‘ï» ïº” ,2017-10-21T21:05:03+0000 , https://graph.facebook.com/v2.11/134815143308923_601557336634699?fields=comments&access_token=135633287132095|0418ebbb9a5f93168ff465e68a58a45e ,n
ï»£ï»´ïº– ïº·ïº® ,2017-10-21T21:27:46+0000 , https://graph.facebook.com/v2.11/134815143308923_601557336634699?fields=comments&access_token=135633287132095|0418ebbb9a5f93168ff465e68a58a45e ,n
ïº‘ï»”ï»”ï»’ ïº­ïºï»›ï»² ïº—ï»Œï»´ï»”ï»² ï»­ï·² ï»£ï»¦ ïºï»Ÿïº ïº°ïºïº‹ïº® ï»ï»´ïº® ï»£ïº®ïº£ïº ïº‘ï»š ï»³ïº ï»‹ïºï»«ïº®ïº“ ,2017-10-21T21:30:37+0000 , https://graph.facebook.com/v2.11/134815143308923_601557336634699?fields=comments&access_token=135633287132095|0418ebbb9a5f93168ff465e68a58a45e ,n
5ayba ,2017-10-21T21:33:17+0000 , https://graph.facebook.com/v2.11/134815143308923_601557336634699?fields=comments&access_token=135633287132095|0418ebbb9a5f93168ff465e68a58a45e ,n
ïºï»Ÿï» ï»„ï»’ ïº—ïº¨ï»®ï» ,2017-10-21T21:08:51+0000 , https://graph.facebook.com/v2.11/134815143308923_601528796637553?fields=comments&access_token=135633287132095|0418ebbb9a5f93168ff465e68a58a45e ,n
ïº¯ïº¡ ï»›ï»¨ïº– ï»£ïº¤ï»¼ï»™ ï»‹ï»¼ï»© ï»«ï»œïº ï»£ï»œï»´ïºïºŸï»š ï»­ ïº·ï»Œïº®ï»™ØŸØŸØŸØŸ ğŸ˜”ğŸ˜” ,2017-10-21T19:52:30+0000 , https://graph.facebook.com/v2.11/134815143308923_601541579969608?fields=comments&access_token=135633287132095|0418ebbb9a5f93168ff465e68a58a45e ,n
Y'a 8erda ma5yabha ,2017-10-21T19:52:43+0000 , https://graph.facebook.com/v2.11/134815143308923_601541579969608?fields=comments&access_token=135633287132095|0418ebbb9a5f93168ff465e68a58a45e ,n
Mala mander offfff ,2017-10-21T19:53:41+0000 , https://graph.facebook.com/v2.11/134815143308923_601541579969608?fields=comments&access_token=135633287132095|0418ebbb9a5f93168ff465e68a58a45e ,n
