category,comment_text,created_time,source
negative,Ou sont les nos points merci c 'est pas s√©rieux? ??,2018-01-02T14:30:58+0000,facebook
negative,N9ollou mech tkoun amset 7keya fi 2018 bditou biha 9bel mayebda el3am,2018-01-02T16:07:45+0000,facebook
negative,Slm belhy 3andi flybox n7eb n3ml fofait partag√©e ma7bch yt3dali mafhemtch 3lech,2018-01-01T19:28:05+0000,facebook
positive,"Bonjour , brabi wa9tech el versement mta3 les points merci",2018-01-02T09:53:14+0000,facebook
negative,Andi l'offre hethi majani Hatta bonus ???? chrgit 1000,2018-01-01T18:35:07+0000,facebook
negative, brabi benesba fix jdif zone satur√© fam√©ch 7al ,2018-01-02T10:57:04+0000,facebook
negative,Winhom points merci !!!??   Majeni chay,2018-01-02T07:46:16+0000,facebook
negative,Brabi mazel menou hetha !!,2018-01-01T23:38:02+0000,facebook
negative, Akahaw teser9ou men mouwaten w ta3tiw el mouwaten e5er ..ken bataltou ser9a 5ir,2018-01-02T13:43:36+0000,facebook
positive, Ana n7eb na3mel internet wifi Ilimite w neb na3ref kifeh 7aja o5ra ena n7eb barcha ooredoo w man7ebch nbadalha ama 3andi mochkelt r√©seau d3if,2018-01-01T20:32:35+0000,facebook
negative,Brabi kifech najem nethassel 3la morched betaliphoune rahom el flous ili nchargihom yesser9ouhomli kifech na3mel,2018-01-02T14:35:39+0000,facebook
negative,brbi sabbit barcha marrat  ichtrak internet  mte3 900. mlmes 5 d9aye9 w youfa ???,2018-01-01T17:50:05+0000,facebook
negative,Ooredoo dima tondher l9odemba3thetlek fatoura wenti ma3andekch adsl aslan hh mana3rafech ech tsanfou ta7ayoul wala fawdha ser9a w tbourib,2018-01-01T15:50:12+0000,facebook
negative,bnj brabi ena 3andi offre family awal  tjini 100 sms manjemch nab3th menhom t9osouli m solde pourquoi,2018-01-01T14:14:04+0000,facebook
negative,N7eb traj3ouli telifouni 3andou chahrin yetsala7 3andkom fel garantie w yeziw mel tbal3it,2018-01-01T13:03:41+0000,facebook
negative,Bellahi na k nsob flous ma yjinich bonus wa3lah,2018-01-01T15:54:45+0000,facebook
negative,echneya ha zyedet ????,2018-01-01T16:52:15+0000,facebook
positive, iphone X  Manjmtch nmarkik y ooredoo ama rak mn shaby ahahhaah ???? ,2018-01-01T12:02:48+0000,facebook
positive,Enheb talifoun Samsung s8 hadhi emniti w ech5as kan tetha9ak em3a ooredoo,2018-01-01T14:54:19+0000,facebook
negative,Brabi andi l internet khalsa ou metimchichi kifech brabi haka,2018-01-01T14:13:24+0000,facebook
positive,"Fel ""marketing"" surtt le visuel, manajmouch nahkiw aala haja fetit bech nonkrouha",Mon Jan 1 22:45:08 WAT 2018,twitter
positive, bellehi followinaaaa!!,Mon Jan 1 22:36:24 WAT 2018,twitter
positive,nhebboukom w nakrhou orange üí©,Mon Jan 01 21:59:44 WAT 2018,twitter
negative,andi 5at ooredoo mzayen bih telifoun w manesta3mlouch 5sart barcha flous m3aha,Mon Jan 01 18:30:34 WAT 2018,twitter
negative, clients ma3andhomch 9ima 3and ooredoo ,Sun Dec 31 02:01:07 WAT 2017,twitter
negative, bara sala7 el r√©seau 9alou chargi ,Sat Dec 30 21:36:34 WAT 2017,twitter
negative,Ta7ki bjedek ?,Sat Dec 30 19:20:12 WAT 2017,twitter
positive,Iphone x mayfekou menna 7ad,Sat Dec 30 15:14:04 WAT 2017,twitter
negative,  @_TunisieTelecom‚ù§Ô∏è allume plus que @ooredootn et @OrangeTN  ,Sat Dec 30 09:26:27 WAT 2017,twitter
positive,a3tiwna t√©l fi ras el 3am,Fri Dec  29 23:12:06 WAT 2017,twitter
negative,t7√©shoum yfarkou fihm,Fri Dec  29 20:42:11 WAT 2017,twitter
negative,sala7 erizou 9alou chargi,Fri Dec  29 17:33:28 WAT 2017,twitter
negative,5iiit mala pub,Fri Dec  29 13:21:41 WAT 2017,twitter
negative,flousiii kol mch√©t,Fri Dec  29 10:23:19 WAT 2017,twitter
negative,Brabi andi l internet khalsa ou metimchichi kifech brabi haka,2018-01-02T10:08:48+0000,facebook
negative,Rani d5alit 3jeja gym mal9it chay,2018-01-01T14:52:43+0000,facebook
negative,Sahri Bahri üí™üí™üí™üí™,2018-01-01T16:11:04+0000,facebook
negative,Bonne ann√©e brabyyy ENA nsob flous mayjiniii chayyy le bonus w le point merciii rbe7t chayyy fel 7altiin :/,2018-01-01T17:42:21+0000,facebook
positive,kol 3am w ooredoo fl 3alali ,2018-01-01T21:40:30+0000,facebook
negative,nchallah bi mounasabt l 3am el jdid ki nsob dinar nl9a 909 mech 300,2017-12-31T19:18:34+0000,facebook
negative,3emkom mabrok brabi yaorido 3lech kif notlob rakem mayhezech 3liya tne7oli clos mesold brabi jawboni.tawa.wmerci,2018-01-01T22:05:35+0000,facebook
positive,Bonne ann√©e svp kifech na3mel roming w temchi ooredoo fi Norv√®ge ou nn,2018-01-01T19:55:02+0000,facebook
negative,Mfhmtch ene dima nsob w nhkii b tlf wil poinet iziduuch aandhom brcha hbssyn,2018-01-01T19:29:04+0000,facebook
negative,Ch√®re Ooredoo sabit jom3a hethi 3 cartes w mjani 7ata bonus donc demain nchouf a9reb boutique sinon na7i ligne car je suis en col√®re,2018-01-01T19:20:51+0000,facebook
negative,7abit na3mel nessma mnajmtch w 7ata el morched 9ali mtnajmch ,2018-01-01T17:37:51+0000,facebook
positive,Bonne et.heureuse ann√©e 2o18 k0lo am wantom bi kir pour toutes mes chers amis rabi maakom inchallah bi tawfik,2018-01-01T16:47:31+0000,facebook
negative,Blhy 3lach ki nsob t5liouli e dinnar w tn7ouli el bonnis,2018-01-01T16:01:10+0000,facebook
negative,sabit 5d fi fin decembre wmajenich bonus 10000% de point merci. deja jeni message mta3 promo,2018-01-01T15:51:07+0000,facebook
negative,Chbini nsob 1000 tna7yoli 5. O0  chfama ?  Normal ntouma ta9smo ma3aya,2017-12-30T18:30:00+0000,facebook
negative,Bsara7a mamstou hal pub la3maltouhh f tv houwa yji w ena tirli hahah,2018-01-01T18:44:47+0000,facebook
positive,Ena en7eb nchrek n 7eb nereb7????,2018-01-01T19:53:12+0000,facebook
negative,pub maasta maasta maasta,2018-01-01T16:06:13+0000,facebook
negative,Wchnwa hethi tiki 13oo normal entom,2018-01-01T22:31:29+0000,facebook
negative,Chahrin kemlin wena kol nharin nsob fi carta w ma7abitouch ta3tiwni points merci!,2018-01-01T22:50:39+0000,facebook
negative,Telecom khir menkom m7afla ejaw  nhar kemel wentouma t9ousoulna t9oul wartha ??????????,2018-01-01T23:31:29+0000,facebook
positive,Bravo pour l'√©quipe de Marketing ????esp√©rant bien que vous allez am√©liorer le street Marketing et le marketing √©v√©nementiel ??????????????????????????????????????,2018-01-01T17:26:44+0000,facebook
negative,Ya5i normal ticket b1400 wilight b 1300 3lh sir9a hathi kol karahtouna fiha haliblad,2017-12-30T10:14:18+0000,facebook
positive,Bonne et heureuse ann√©e √© tous ???????????????? .bravo et bonne continuation,2018-01-01T16:25:33+0000,facebook
negative,N7ib noumrouya 24 yarja3li .. sakartouh w bi3touh wamiya .. leh chmeta,2017-12-30T12:13:39+0000,facebook
negative,Yezi meser9a rakom latherltoulha tsob 5d flil esbe7 metel9a chaye yeser bsara7a  barcha na3rafhom badloukom wmazel chkoun bech ibadalkom zeda,2018-01-01T16:59:23+0000,facebook
negative,3andi modem 105DT 3 och hra sa3at connextion t9os wa7adha tarja3 ba3d 5 sweya3,2018-01-01T10:50:23+0000,facebook
negative,3leh lforfait ma3adch tchedni 3 jours 3la b3athhom berra8m ma nefta7ch kn fcbk,2017-12-30T07:23:25+0000,facebook
negative,Mafhemtch 7eja y'a ooredoo chbeha lforfait internet fisa3 toufa . Wlh ken nbadel puz 5iir,2018-01-01T21:02:41+0000,facebook
negative,Adem Ghribi howa o ela ena ghalta hhhhhh ????????men choqu√© menk l conn√©cti terbah ;),2017-12-30T12:34:11+0000,facebook
positive,7ateni l cnx tchednich barcha w BL ra8m n7lch youtube fcb w chweya messangr,2017-12-29T21:24:08+0000,facebook
negative,"Et vous, bedlou l community manager mta3komn 5ater 9taltouna bill msata ??????",2017-12-30T08:54:47+0000,facebook
negative,Ooredoo kifech na3rf 9adeh mazelli mn GO .. 3andy 4g box 25Go/moins,2018-12-30T16:59:21+0000,facebook
negative,Bilhy kifech nbadel offre m'en kenet amigos n7eb nbadelha offre 1000% mithel tson dinar tal9a 11000 bonus 3la 5ater dima nsob w maya3tounich bonus,2017-12-29T09:18:55+0000,facebook
negative,Nchallah amkom mabrouk amma brabi endi haja bach engoulha yakhi tektbou exp.900mil.pour 7 jours ...ou fi.lekher toufa fi nhar ou lila weni el mezdakiya intaakom wallahi omri machoffet hal hala hathi brabi arhmouna chaw,2017-12-29T18:09:13+0000,facebook
positive,"Bonne ann√©e 2018  a toutes les tunisiens ,nitmanna nerbeh smartphone Samsung avec ooredoo",2017-12-29T12:09:20+0000,facebook
negative,Billahi kifeh forfait 1 mini jour 9asitou wma3tounich mega octet,2017-12-29T10:27:02+0000,facebook
negative,Brabi forfait 0.9 d alch mwjoud 7jours w ena hta 2 jours w t9ous conexion???!!,2018-01-01T16:59:23+0000,facebook
negative,La v√©rit√© mamsitha wmamsitha lichharaat lita3mlo fiha tconicti tirba7 .... tirba7 .... tirba7 za7 matnajmouch ti5sro wta3mlo 7aja fort publicit√© mizyana,2017-12-28T22:04:47+0000,facebook
negative,Brabi les points merci kent 300 nbadalha twali 1d chbeha tawa walet 300 frank 7ata nlem 2000 points nbadalha nal9aha 2000 frank  3lech???,2017-12-28T21:04:51+0000,facebook
negative,kount sob dinar nal9a 10.000 bounis w taw sob dinar nal9a 4000 ya5i 3lh,2017-12-29T18:28:28+0000,facebook
negative,3malt reclamation 3indi char mathama chay yezi min tnoufi9,2017-12-27T22:07:16+0000,facebook
negative,Ya3tikom wahf Kol mara thabto pub  thahro feha bhemaaa w tfadadounaa behaa,2017-12-27T20:31:46+0000,facebook
negative,Pub mastaaaaaaaa a ce point ma l9itouch id√©e ma khir chnowa m√©diocrit√© hethi,2017-12-29T12:40:30+0000,facebook
negative,Eli 5edmet el pub hedhi boite de prod wala boite aux lettres ?,2017-12-27T20:34:19+0000,facebook
negative,Yessir 5ayba il pub,2017-12-27T20:46:08+0000,facebook
negative,Brabi chbini ki nsoub tiker m3adich yzidou fiya fi 10ayam mta3 tari5 nihayet souli7iya,2017-12-27T14:00:00+0000,facebook
negative,Brabi kol macharchi solde tnahiyoli 500 3lech famoni chnowa tselohomli teso9omli chnowa???,2017-12-30T08:58:41+0000,facebook
negative,n7eb na5tar offre record y9oli indisponible ??,2017-12-27T18:54:37+0000,facebook
negative,3andi 14000 point merci mal9thomch a3lech na7itohem,2017-12-27T21:01:24+0000,facebook
negative,que de l'arnaque ooredoo ??,2017-12-27T18:19:43+0000,facebook
positive,Ooredoo bien,2017-12-27T14:26:22+0000,facebook
positive,Bien riseau,2017-12-27T19:11:10+0000,facebook
negative,Raj3ou offre 2000%,2017-12-27T16:58:56+0000,facebook
negative,Sore9 sabit karta 5000 w sakart telifoun ba3d ma 7alitou l9it 1800,2017-12-26T22:42:21+0000,facebook
negative,bsara7a la y√©zi connexion rzina w zid ser9a jhar nhar yeser walah ,2017-12-26T18:37:17+0000,facebook
negative,yezi bl√© kedhb,2017-12-26T20:50:42+0000,facebook
negative,Hhhh hani 3amiilha w ma rba7t shy :p,2017-12-26T15:00:35+0000,facebook
negative,3andi barcha ensoub sould wmay3tounich bouns lwh??,2017-12-26T17:32:32+0000,facebook
negative,La com est mediocre depuis quelques annees chez ooredoo. Ye hasra....une vraie pro etait en charge.,2017-12-27T22:41:37+0000,facebook
negative,"MELL√©  ICHHAR ?!!TKELEF ,BARCHA ..$$.. yeser tkerwik iltawa met3elmtouch",2017-12-26T18:21:33+0000,facebook
negative,Ouuh amsat pub ritha f 7yatii ????,2017-12-26T16:15:43+0000,facebook
negative,Houma yerb7ou moch e7na hhh,2017-12-26T15:58:51+0000,facebook
negative,laken les articles illi fihom promo Y6 et le P9 lite non disponible ??,2017-12-26T17:06:37+0000,facebook
negative,3aslama Ooredoo brabi 3lach tesser9ou fi les points merci ? Ani il9et 0 point Ou jarti kif kif dima tjargi fih bel 5d 7aslet barcha poinets wel9at 0 point 9oli 3lech ?,2017-12-26T20:39:50+0000,facebook
negative,ya oredoo  chnya 7kayt al fix jdid ana mn bnzart 3andi 3 chhour wo ana machi jay 3la ooredoo ali fi bnzart 9alouli al stok wofa kan fama 7aja atwo nkalmouk twa 3andi 4 chhour ltwa ma kalmouni ya5i chnya l7kaya bjah rabi fasrouli ya ooredoo,2017-12-26T20:41:41+0000,facebook
negative,Dima namel. Fil commnteret wla Mara rab7teni 7ata bra7met lwaldinn mich kadou Rabi yehdikomm,2017-12-26T20:37:29+0000,facebook
negative,"la 3jeja la chay le reseau est encore trop faible dans plusieurs regions,  au centre du capitale meme !!!!",2017-12-26T19:46:20+0000,facebook
negative,Ya ooredo nsob denar thezouh w antrnet matemchich,2017-12-25T23:48:29+0000,facebook
negative,Ena el connection bel kif kif yothhrelha temchi kif ma yothhorlhech ma temchich,2017-12-25T18:37:35+0000,facebook
negative,A3lach tna7ouli fi flouse ena manich mcharka fi chay,2017-12-25T22:09:34+0000,facebook
negative,walahi mana7iha puce ooredo,2017-12-26T22:06:19+0000,facebook
negative,9imet laglag m3a ooredoo :),2017-12-25T21:00:09+0000,facebook
negative,Ena vraiment publicit√© ma3jbnich ????,2017-12-25T20:57:02+0000,facebook
negative,3leh billahi thrabtouni fi 500,2017-12-25T23:00:19+0000,facebook
positive,OORIDO VOUS ETE LES MEILLEUR,2017-12-25T15:10:12+0000,facebook
negative,Na9sou mel klem w wariwna kifh tnjmou tawrou el cnx w tnahiw el bugs w lags .....w ba3d ahkiw 3l gamers ;),2017-12-25T10:03:47+0000,facebook
negative,n7eb naref aleh nsob 250 mb  nconsomi 35 mb  linternet  toufa ... bi cle 3g ou 7alit statistique bech nchouf el consomation mte3i  ki weslet  35 mb linternet  wfet   n7eb nefhem chma3neha isir haka ??,2017-12-25T14:20:49+0000,facebook
negative,a7la masaa la7la ooreddo,2017-12-24T14:50:35+0000,facebook
negative,El mara ely fetet aamalt portabilit√© o badalt numruyaa aal ooredoo o mn wa9t'ha o el cnx temshy cv p malgr√© √©ny ky nrakb num 5dhytah ml boutique direct tkoun el cnx ahw√©n b baaaaaarsha !,2017-12-222T20:41:41+0000,facebook
negative,kifeh netsallef internet min 3andkom ha oreedoo?,2017-12-28T11:42:13+0000,facebook
positive,te7iyeti lik ooredoo,2017-12-23T18:40:15+0000,facebook
negative,brabi winhom ni9at  Merci,2017-12-23T11:50:47+0000,facebook
negative,"Fama freeze fel router, connect√© √† Internet Ama 7ata page la tet7al",2017-12-24T12:32:14+0000,facebook
negative,Akahaw teser9ou men mouwaten w ta3tiw el mouwaten e5er ..ken bataltou ser9a 5ir,2017-12-23T16:45:29+0000,facebook
negative,Ana n7eb na3mel internet wifi Ilimite w neb na3ref kifeh 7aja o5ra ena n7eb barcha ooredoo w man7ebch nbadalha ama 3andi mochkelt r√©seau d3if,2017-12-23T08:58:09+0000,facebook
negative,N7eb traj3ouli telifouni 3andou chahrin yetsala7 3andkom fel garantie w yeziw mel tbal3it,2017-12-23T14:32:02+0000,facebook
negative,Mamsetkom ?? tala3 soker hal pub,2017-12-30T11:27:37+0000,facebook
negative,Pfffffffffff barcha mssata,2017-12-27T21:37:59+0000,facebook
negative,choufouna 7al fi reseau tayi7 wa ba3id a3mlou icharkom,2017-12-27T21:37:59+0001,facebook
positive,Ooredoo bien,2017-12-27T21:37:59+0002,facebook
negative,OORIDO VOUS ETE LES MEILLEUR,2017-12-27T21:37:59+0003,facebook
negative,3aslema ENA n3adi forfait internet 7 jours w kol youm y9osoheli  ismeha forfait 7jours w hiya 1 jour 3leh brabi,2017-12-27T21:37:59+0004,facebook
negative,Bjeh rabi ma3adech t9oulo oorideoo a9wa r√©seau yezikom min elkedheb wallahi adh3ef r√©seau win ne5o pus bech nconecti biha ntayechha,2017-12-27T21:37:59+0005,facebook
negative,Ooredoo akber kedhba !!!! Ken ser9a w reseau y3ayef !!!!!!!!!,2017-12-27T21:37:59+0006,facebook
negative,Hhhh brabi te3tina 250 mega w tehzi man forfait mat3na w homa mathzouch manhom chniya fayda hhhh,2017-12-27T21:37:59+0007,facebook
positive,Merci ooridoo n7ebkom ,2017-12-27T21:37:59+0008,facebook
positive,#????_???? #ooredootunisie  ooredootunisie,2017-12-27T21:37:59+0009,facebook
positive,#????_???? Ooredoo Tunisie????????,2017-12-27T21:37:59+0010,facebook
positive,#????_???? Ooredoo Tunisie,2017-12-27T21:37:59+0011,facebook
positive,# ???? ????,2017-12-27T21:37:59+0012,facebook
negative,Sare9in barcha,2017-12-27T21:37:59+0013,facebook
positive,bravo service marketing ooredoo,2017-12-27T21:37:59+0014,facebook
positive,BRAVO Ooredoo Tunisie ??????,2017-12-27T21:37:59+0015,facebook
negative,ooredoo tesr9ek 3jeja,2017-12-27T21:37:59+0016,facebook
negative,Nsoooob flouse Fi modaame menhna toooofa minhnaaaaaaaaaaaaaaaaaaa ...,2017-12-27T21:37:59+0017,facebook
negative,OOREDOO bil 7a9 0 tousra9 barcha ????????,2017-12-27T21:37:59+0018,facebook
negative,Hana jewbna s7i7 winou ireb7 mala kedheb,2017-12-27T21:37:59+0019,facebook
negative,Mala ooredoo kan ser9a ana mouich enbdl ornge,2017-12-27T21:37:59+0020,facebook
negative,Ken kadheb nahr kol wentouma touchr9 etsoub dinar me tel9hi etsoub 5d te5dhou echatrha . . Na3ml fourfait mt3 joum3 tou93d 1jour w ken a5let 2jour wme nest3ml ken fb la en7le vidoi la chy .....yahlkoum rabiiii sar9a 3eni 3enk,2017-12-27T21:37:59+0021,facebook
negative,OOREDOO wallh wallh 0%,2017-12-27T21:37:59+0022,facebook
negative,Nheeb ns2el ala haja ena koul youm nsoub fi tlf w mayjinich hata frank bonus hata ki nsoub 5dt belhi kifeh namel bech y3oud yjini 4000 bonus 3la koul dinar ?,2017-12-27T21:37:59+0023,facebook
negative,Admin metfahem w yjweb n'as kol bravooo ama borjoulia 3aritoulna ryousna bonus ythoub w forfait jem3a w ana n7wel fih bech yet7al 7ata wfa w ma 7abech malgr√© apn riglo,2017-12-27T21:37:59+0024,facebook
negative,Akwa film ro3b wakt ta3mel forfait 2 jour w ba3d sa3a yjik msg votre forfait va √©puis√©s,2017-12-27T21:37:59+0025,facebook
negative,Aqwa film roo3b  kif nchargi flouss w norqodd nqoum sbehh nlqa 0 mlm  hao erro3b y√† bou qallb hhhhh,2017-12-27T21:37:59+0026,facebook
positive,n7ebek ooredoo,2017-12-27T21:37:59+0027,facebook
positive,J'adore Ooredoo,2017-12-27T21:37:59+0028,facebook
positive,Ooredoo <3  <3 !,2017-12-27T21:37:59+0029,facebook
positive,Jamilaaaaa!!!!,2017-12-27T21:37:59+0030,facebook
positive,Ahmed Ayari hhhhhh oreedoo fil clashet wahadha brojla,2017-12-27T21:37:59+0031,facebook
positive,dima fel mostawa,2017-12-27T21:37:59+0032,facebook
negative,ti choufoulna 7kayet e reseau nas 7absa men mbare7 ,2017-12-27T21:37:59+0033,facebook
negative,125 Mo ! Zaaaa7 rana fi 2017 rahou mch 1997.... Tadh7kou 3al 3bed... A3mlou 1 Go b 0.900 taw ness lkol tefra7... 9allou 125 Mo,2017-12-27T21:37:59+0034,facebook
negative,3amelt forfait b 900 e5thytouli il iflous wel internet ma5edmetch raj3ouli iflousi ????,2017-12-27T21:37:59+0035,facebook
positive,a7sen mouchaghel fi tounes ooredoo,2017-12-27T21:37:59+0036,facebook
negative,Forfait fisa3 youfa t3adi nhar filx wla 30 j,2017-12-27T21:37:59+0037,facebook
negative,raj3ouli floussi,2017-12-27T21:37:59+0038,facebook
negative,chbiha internet toufa fisa3 ??,2017-12-27T21:37:59+0039,facebook
negative,Connexion 3al 7itttt !!!!!,2017-12-27T21:37:59+0040,facebook
negative,sor3a mta3 internetkom wallet 0,2017-12-27T21:37:59+0041,facebook
negative,hhh t5admou fi am5a5kom 3la cha3b,2017-12-27T21:37:59+0042,facebook
negative,belehi alch haka nsoub dinar wla carta nal9ahch alch falestouni raw 7ram alikom flous li hazetou homli 7a9 tlfn,2017-12-27T21:37:59+0043,facebook
negative,A7na twansa 9eadna dima tam3a w tam3in fi ooredoo hhhh ti hiya tsre9 fina fe soled w t7ebo trabe7kom tlf b 400 wala akther ....,2017-12-27T21:37:59+0044,facebook
negative,Ti wallah ki t9ololhom tkf chkoun san3o lakom mech tereb7o mouch ki t9ololhom 3la esmo hhhhh,2017-12-27T21:37:59+0045,facebook
negative,e5ewti yconektou bl orange connexion tayara ken ana b tunisiana 5ayba,2017-12-27T21:37:59+0046,facebook
negative,Chbk teser9o fina deja num mt3i mhaded bl takser,2017-12-27T21:37:59+0047,facebook
negative,mtesr9oulich solde mta3i akahaw m7ajti b chey men joretkom,2017-12-27T21:37:59+0048,facebook
positive,Mnawra ooredoo,2017-12-27T21:37:59+0049,facebook
positive,??????a9wa wa7la riizuo rabi e5aliik ooredoo. ama??????fama faza mt3jbnich kif tofa liforft enjie inchof laflos manlgahch ????????????,2017-12-27T21:37:59+0050,facebook
positive,Mnawren ooredoo,2017-12-27T21:37:59+0051,facebook
positive,Mnawra ooredoo,2017-12-27T21:37:59+0052,facebook
negative,ooredoo yezzi messer9a,2017-12-27T21:37:59+0053,facebook
negative,wallitou tadh7kou 3lina ya ooredoo,2017-12-27T21:37:59+0054,facebook
negative,Yizikom min sarket l3bed walh 3ib 3alikom majiych walh,2017-12-27T21:37:59+0055,facebook
positive,Mnawra ooredoo,2017-12-27T21:37:59+0056,facebook
negative,Reseau internet ta3eb yasser .,2017-12-27T21:37:59+0057,facebook
negative,Slm belahi rani ki nsob karta inahouli minha sold kifech najm na3ml bech ma3dch inahouli minha sold,2017-12-27T21:37:59+0058,facebook
negative,Brabi rizou ooredoo adh3if 3ala le5er chefouna 7al dima rizou tayai7,2017-12-27T21:37:59+0059,facebook
negative,Brabi elconexion 3andi faible 3ale5er fi sidi thabet chnouwa na3mel ???,2017-12-27T21:37:59+0060,facebook
negative,BRABI N7be na3arfe 3aleche ki nsabe dinare tjini 500,2017-12-27T21:37:59+0061,facebook
negative,No makomch a9wa rizo ana fi dar ma3ndich rizo w noskon fi 3asma,2017-12-27T21:37:59+0062,facebook
negative,Barbi chabi irisou mat3kom wal th3if barch 3ndi,2017-12-27T21:37:59+0063,facebook
negative,Brabi chofoli hakayit il coniksion,2017-12-27T21:37:59+0064,facebook
negative,3lech manal9ach connexion wena ndhali 3andi connexion  fi ooridoo,2017-12-27T21:37:59+0065,facebook
negative,Ana il con√©xcion 3G dh3ifa,2017-12-27T21:37:59+0066,facebook
positive,Ooredooo????????????,2017-12-27T21:37:59+0067,facebook
positive,3echra m3a ooredoo manbvadelhach,2017-12-27T21:37:59+0068,facebook
negative,3ich wachba3 ser9a,2017-12-27T21:37:59+0069,facebook
negative,3ichouha wa7adkom,2017-12-27T21:37:59+0070,facebook
positive,nas kol 3achet b jawek w internetek,2017-12-27T21:37:59+0071,facebook
positive,ana dima 7obi w rafi9t darbi ooredoo dima m3ak,2017-12-27T21:37:59+0072,facebook
positive,ooredoo dima loula,2017-12-27T21:37:59+0073,facebook
positive,ana kol youm nsob dinar nal9a 600 ya5i chfama,2017-12-27T21:37:59+0074,facebook
negative,Berabi a3touni na hale rani ne9ouse meta3 chehar fi neharine te9ouse meta3 jeme3 nehar a3touni fekera berabi,2017-12-27T21:37:59+0075,facebook
positive,Ena orange echnowa ne3mel beche erodha ooredoo,2017-12-27T21:37:59+0076,facebook
positive,Hab na3mal clee interet limite za3ma mawjoud,2017-12-27T21:37:59+0077,facebook
negative,Chnowa lahkia n9s mta3 char toufa fi nharin,2017-12-27T21:37:59+0078,facebook
negative,ana bsara7a m3andich thi9a fi ooredoo,2017-12-27T21:37:59+0079,facebook
negative,Ooooo dima tisrig fi liflous mahi makalya chay dima nsob 5ooo nalga 2500 w ki nkalamhom yabdou ibaaliftou  w rodouk galit ken mouch il conection behya rani nahitha,2017-12-27T21:37:59+0080,facebook
positive,ooredoo a7sen chariket ettisalat fi tounes,2017-12-27T21:37:59+0081,facebook
negative,Chouti ya laila,2017-12-27T21:37:59+0082,facebook
negative,l kethb w taflim ,2017-12-27T21:37:59+0083,facebook
positive,3andkol connexion hbal,2017-12-27T21:37:59+0084,facebook
negative,ti win l internet l cnx dima dh3ifa,2017-12-27T21:37:59+0085,facebook
positive,te3jebni,2017-12-27T21:37:59+0086,facebook
negative,ya 4achach,2017-12-27T21:37:59+0087,facebook
positive,ooredoo ma9wiya kan fl internet,2017-12-27T21:37:59+0088,facebook
positive,Hhhhh mla ooredo,2017-12-27T21:37:59+0089,facebook
negative,ooredoo met7aylin,2017-12-27T21:37:59+0090,facebook
positive,Machlaha ooridoo  üòàüòáüòâüòØ,2017-12-27T21:37:59+0091,facebook
positive,Oorrrrdddddoo ayche lenternt,2017-12-27T21:37:59+0092,facebook
positive,N7eb na3mal internet oreedoo brabi kifeh ema blech fixe rahou wn7eb bel 3am n5alas ou bien b 3 mois n7ebou may9osech kifeh?,2017-12-27T21:37:59+0093,facebook
negative,Bnj ena dima 3andi mochkol ken fe r√©seaux internet,2017-12-27T21:37:59+0094,facebook
negative,Brabbi 3lech win nsob tike i9osou 3liye 509,2017-12-27T21:37:59+0095,facebook
positive,Bravo ooredoo,2017-12-27T21:37:59+0096,facebook
positive,7obi ooredoo,2017-12-27T21:37:59+0097,facebook
positive,"3ayech l internet m chamal ila al janoub , chokran ooredoo",2017-12-27T21:37:59+0098,facebook
positive,Chekran ..ooredoo,2017-12-27T21:37:59+0099,facebook
positive,AHLA Ooredoo mahlekom bizo,2017-12-27T21:37:59+0100,facebook
negative,Chnia hal7ala fel ooredoo,2017-12-27T21:37:59+0101,facebook
negative,oredoo kn ser9a ena nkraha,2017-12-27T21:37:59+0102,facebook
negative,Ooredoo nuuuuul,2017-12-27T21:37:59+0103,facebook
positive,Nmoit 3lik y'a oredoo,2017-12-27T21:37:59+0104,facebook
positive,Ma7leh pub 3jibniii,2017-12-27T21:37:59+0105,facebook
negative,hata a7na 93adna ken fil jaw wil dhohek wiltaflim..........,2017-12-27T21:37:59+0106,facebook
negative,mamssekom,2017-12-27T21:37:59+0107,facebook
positive,ma7laha,2017-12-27T21:37:59+0108,facebook
negative,Bkoulha sar9a binasba lili,2017-12-27T21:37:59+0109,facebook
positive,ooredoo dima m3ak,2017-12-27T21:37:59+0110,facebook
positive,Bravo ooridoo,2017-12-27T21:37:59+0111,facebook
positive,Miya miya,2017-12-27T21:37:59+0112,facebook
positive,Wahdk ye oredoo,2017-12-27T21:37:59+0113,facebook
positive,Slt n7eb na3mel portabilite min orange il ooredoo kifeh ni5tar offre ili n7eb a3lih w offre 31 millime dispo wala,2017-12-27T21:37:59+0114,facebook
positive,risalet chokr l ooredoo ,2017-12-27T21:37:59+0115,facebook
negative,chbikom tesr9ou f cha3b ettounsi w tet7aylou 3lih,2017-12-27T21:37:59+0116,facebook
positive,Rabi maakom,2017-12-27T21:37:59+0117,facebook
positive,A7la Ooredoo fe denya????????,2017-12-27T21:37:59+0118,facebook
positive,O0rid0o.yamdalalna,2017-12-27T21:37:59+0119,facebook
positive,chokran 3ala 7osn l 5adamet,2017-12-27T21:37:59+0120,facebook
negative,Mouch shih ya hassra,2017-12-27T21:37:59+0121,facebook
positive,bravo ooredoo,2017-12-27T21:37:59+0122,facebook
negative,Gdech fama tama3a fi hal bled ti ooredoo hiya tsre9 fikom tam3in ttrba7kom hhhh gdkomch zwawla fi am5a5kom,2017-12-27T21:37:59+0123,facebook
positive,in7eb ooredoo Wa ana zaboun wafi lah Wa piisati klha ooredoo walhi n7eki bl7ek wanchlh narb7,2017-12-27T21:37:59+0124,facebook
negative,Service techniques  zero  3andi presque 2 mois w Ena na3mel f des  r√©clamations  concernant  ligne mta3i matab3athech  des messages w chay service zerooooo jusqu'√†  maintenant  mafama  7ata r√©sultat!!,2017-12-27T21:37:59+0125,facebook
negative,Ti7chiw fih chrit cl√© 4g nsob 40 dinar fisa3 oufet fi 5 jour khw sare9aa ooredoo,2017-12-27T21:37:59+0126,facebook
negative,Sadi9i telecom 5ir mnkom bbaaaarcha Ena me5ou cl√©  kol chhar 25 go b 25 dt w chahrine  lwella blech  mili wala  esmha ooredoo kothrrt Ken ser9a w ta7ayel,2017-12-27T21:37:59+0127,facebook
negative,T√©l√©com 3andha offre illimit√© b 30 par mois hhhhhh,2017-12-27T21:37:59+0128,facebook
negative,ya5a ma tbatlouch sar9a ...rakm fa9ertouni e7echmou chway ...chniya hedha,2017-12-27T21:37:59+0129,facebook
positive,MA7lakom,2017-12-27T21:37:59+0130,facebook
negative,"3andi outdoor fixe jdid wel connexion 7ala 0,28 mbps tawa deux mois malla 7ala je pense s√©rieusement r√©silier",2017-12-27T21:37:59+0131,facebook
negative,5alliha 3andkom ya akber sar9in 7asbi allah w ne3ma al wakil ,2017-12-27T21:37:59+0132,facebook
positive,Wenti belamtel dima a3wamouka a3yad aminne yarabi,2017-12-27T21:37:59+0133,facebook
negative,ya3ni t7eb twaslelna kol 3am w intouma tesr9o fina b5ir saye wsel frere ??,2017-12-27T21:37:59+0134,facebook
positive,thannnxx ooredoo,2017-12-27T21:37:59+0135,facebook
negative,ooredoo akber sar9a fi tounes allah la tbarkelkom,2017-12-27T21:37:59+0136,facebook
positive,Fidele fidele  leila...!,2017-12-27T21:37:59+0137,facebook
negative,rakom yesser tet7aylou 3 cha3b la3bad kol tetchaka menkom,2017-12-27T21:37:59+0138,facebook
positive,Thanks ?? ooredoo,2017-12-27T21:37:59+0139,facebook
negative,Ooredoo blh 9adech men w 7ed kdhabto 3leh ou 9adech men wa7ed sra9toh ti el cadoOoredoo blh 9adech men w 7ed kdhabto 3leh ou 9adech men wa7ed sra9toh ti el cadowat ta3to fahom kan lel krouz ba3morkom mafara7to 9alb etem eli maya3ref medenya chay,2017-12-27T21:37:59+0140,facebook
positive,ooredoo n7bek w dima nchouf fl page mt3k w nachallh ta3touli talifphone ala 5ater ana snia bac w mazelt ma5dit 7atta taliphone fi chebba na9ra aman natba3 fikom ooredoo w nchalllah ta5dou b5atri w narb7ou w ana n7bkom barcha w nchalllh rabi i5alikom bon travail  ooredoo w nachllh marbou7a lli,2017-12-27T21:37:59+0141,facebook
negative,ken lkethb..nsob dinar wken manetkalmch bih yesrqouh bechway bchway leli nalga solde 12mllimes .belehi eli ya3ref kifech  na3ml m3ahom ha ssoreq ygoli,2017-12-27T21:37:59+0142,facebook
positive,ooredoo rakom behyin w dima mjan7in,2017-12-27T21:37:59+0143,facebook
negative,ooreedou sare9in kadhebin ltawa nestana fi mes pts cadeau mercii  ab3thou msg wfalmou 3a ness w reclamation 3andha chahrin taw w malgr√© ca manajamtech nbadel mon num,2017-12-27T21:37:59+0144,facebook
negative,Ti rahoum yekhdhbo 3likom blhy chnowa bech yerbho houma ki ya3tiwkom tel rahoum akber kadhaba ou monaf9in,2017-12-27T21:37:59+0145,facebook
negative,ooredoo klatli flousi akber ga7afa,2017-12-27T21:37:59+0146,facebook
positive,m3a ooredoo dima fil 3alali tir w janah m3a a7la afariyet dima m3ak enti rouhi enti salba 3akli,2017-12-27T21:37:59+0147,facebook
positive,Ooredoo m3ak il dinya ta7la w 3ichitna tizha w bil cadouett tchaya5na,2017-12-27T21:37:59+0148,facebook
positive,Ana enheb ooredo na3ref ana ma3ndich ezhar ou 3omri marbehet haja ama en9olelkom bon courage,2017-12-27T21:37:59+0149,facebook
positive,ooredoo n7bek w dima nchouf fl page mt3k w nachallh ta3touli talifphone ala 5ater ana snia bac w mazelt ma5dit 7atta taliphone fi chebba na9ra aman natba3 fikom ooredoo w nchalllah ta5dou b5atri w narb7ou w ana n7bkom barcha w nchalllh rabi i5alikom bon travail  ooredoo w nachllh marbou7a lli,2017-12-27T21:37:59+0150,facebook
positive,Ooredoo th√© n'est J aime ooredoo J aime ooredoo J aime ooredoo J aime ooredoo J aime ooredoo J aime ooredoo J aime ooredoo J aime ooredoo J aime ooredoo J aime ooredoo J aime ooredoo J aime ooredoo J aime ooredoo J aime ooredoo J aime ooredoo J aime ooredoo J aime ooredoo J aime ooredoo J aime ooredoo J aime ooredoo J aime ooredoo J aime ooredoo J aime ooredoo J aime ooredoo J aime ooredoo J aime ooredoo J aime ooredoo J aime ooredoo J aime ooredoo J aime ooredoo J aime ooredoo J aime ooredoo J aime ooredoo J aime ooredoo J aime ooredoo J aime ooredoo J aime ooredoo J aime ooredoo J aime ooredoo J aime ooredoo J aime ooredoo J aime ooredoo J aime ooredoo J aime ooredoo J aime ooredoo J aime ooredoo J aime ooredoo J aime ooredoo J aime ooredoo J aime ooredoo J aime ooredoo J aime ooredoo J aime ooredoo J aime ooredoo J aime ooredoo J aime ooredoo J aime ooredoo J aime ooredoo J aime ooredoo J aime ooredoo J aime ooredoo J aime ooredoo J aime ooredoo J aime ooredoo J aime ooredoo J aime ooredoo J aime ooredoo J aime ooredoo J aime ooredoo J aime ooredoo J aime ooredoo J aime ooredoo J aime ooredoo J aime ooredoo J aime ooredoo J aime ooredoo J aime ooredoo J aime ooredoo J aime ooredoo J aime ooredoo J aime ooredoo J aime ooredoo J aime ooredoo J aime ooredoo J aime ooredoo J aime ooredoo J aime ooredoo J aime ooredoo J aime ooredoo J aime ooredoo J aime ooredoo J aime ooredoo J aime ooredoo J aime ooredoo J aime ooredoo J aime ooredoo J aime ooredoo J aime ooredoo J aime ooredoo J aime ooredoo J aime ooredoo J aime ooredoo J aime ooredoo J aime ooredoo J aime ooredoo J aime ooredoo J aime ooredoo J aime ooredoo J aime ooredoo J aime ooredoo J aime ooredoo J aime ooredoo J aime ooredoo J aime ooredoo J aime ooredoo J aime ooredoo J aime ooredoo J aime ooredoo,2017-12-27T21:37:59+0151,facebook
positive,Ooredoo Tunisie????????????????????????????????????????????????????????????????????????????????????????????????????????Ooredoo Tunisie,2017-12-27T21:37:59+0152,facebook
negative,Kii nkoleek console bch tjyblyy play 5 mafhmteech sal7oulnaa cnx yee 3beed aleeh akeyaa w kimaa 9aleek #Hazem <<la3ba ta7l√© b 50ms mech b 1000ms :) mo3anet>>,2017-12-27T21:37:59+0153,facebook
negative,Ken 9adito rizo moch 5ir brabi??,2017-12-27T21:37:59+0154,facebook
negative,Maa conx teekom matahla hatta loba. ?????? Moch menkom zeyed.,2017-12-27T21:37:59+0155,facebook
positive,lv youu ooridoo,2017-12-27T21:37:59+0156,facebook
negative,walahi mafhetech 3lech kol lila el cnx ton9os te3 ooredoo,2017-12-27T21:37:59+0157,facebook
negative,PC b 5655 ping cnx 9aleba kolhom frou5 xD,2017-12-27T21:37:59+0158,facebook
positive,Ooredoo tayara,2017-12-27T21:37:59+0159,facebook
negative,Shnya hkeyt ha r√©seau fy tataouine ???? nbdlouu nkhdmu breseau libia wella kyfeesh ! ??,2017-12-27T21:37:59+0160,facebook
negative,chbih reseau ma9sous 3andna,2017-12-27T21:37:59+0161,facebook
negative,Dima nsob carte n9oum menal9a chay,2017-12-27T21:37:59+0162,facebook
negative,3lech reseau mta3kom ma9sous fi tataouine,2017-12-27T21:37:59+0163,facebook
negative,Bonjour ana no9so bi 9000 facebook 7 jour w matkmliche jim3a fisa3 takmil barbi na7ab na3rif 3alche,2017-12-27T21:37:59+0164,facebook
positive,Ooredoo Tunisie  Community manager mta3kom berjoulia yestahil Bonus fil chahria wel equipe kamla !,2017-12-27T21:37:59+0165,facebook
positive,Chbeba el faza ta3 Arya ?? ama maw warraw fil keynote lbera7 enou Apple mchet el professionals fi making masks fi Hollywood w jarbou trying to fool the iPhone X's face ID w it didn't work,2017-12-27T21:37:59+0166,facebook
negative,ya5i ba3d mta3tiw bonus wla points merci tendmou 3lihom ,2017-12-27T21:37:59+0167,facebook
positive,Merci je suis par mis les gagnants :) n7eb na3ref chnou naw3 telfoun,2017-12-27T21:37:59+0168,facebook
negative,ooredoo tunisie bch ndesactivi l puce ,2017-12-27T21:37:59+0169,facebook
positive,Merci. rbaht o kalemtouni.o koltouli tao naawdo netsalo bik. chnaaml taoa et merci,2017-12-27T21:37:59+0170,facebook
negative,Toul 3omri ncharji bil carta wma rabahtonich mouche normale,2017-12-27T21:37:59+0171,facebook
negative,mansada9chi fama reb7 kolou kethb,2017-12-27T21:37:59+0172,facebook
negative,kan l kethb ana dima nchargi kolou kethb,2017-12-27T21:37:59+0173,facebook
negative,tektheb 3likom ana nchargi f chhar 5 kwaret tektheb ,2017-12-27T21:37:59+0174,facebook
negative,Kol jem3a nsob 5d w bekhleeef kolyoum nsob b 1d w 2d kolyoum w machaaaj3tounaa aala chy,2017-12-27T21:37:59+0175,facebook
negative,Y7cho fih mafihach 3ala l7yat 4ir lkedheb kan thama wa7d rbe7 ygoli haya ..,2017-12-27T21:37:59+0176,facebook
positive,chokran ana m rab7in,2017-12-27T21:37:59+0177,facebook
positive,Ana necharjii dima,2017-12-27T21:37:59+0178,facebook
negative,sam7ouni fil kelma matfahkoum wled bledi Dislike and bye !,2017-12-27T21:37:59+0179,facebook
negative,Raj3ouli flousi  3lach ta5thou b doubel ?,2017-09-12T11:21:18+0000,facebook
negative,Brabii eni win nsob solde f t√©l√©phone yetnhawli na3rech 3lech,2017-09-11T10:27:34+0000,facebook
positive,Kiifech na3ml portabilit√© ana orange w nhb nrj3 ooredoo,2017-09-10T11:14:09+0000,facebook
negative,mini jah a9wa reseau hhhh,2017-09-09T12:50:57+0000,facebook
negative,Jib jdid,2017-09-09T12:02:29+0000,facebook
negative,Athaaaaaaammlmkkkllll pusss hya oreeeedoo ajberrr sar9aaaa 5iiiiittt 9ada krahtha,2017-09-08T20:13:12+0000,facebook
negative,bch thabblouna hhhhhhhhhhhhhh,2017-09-08T10:12:30+0000,facebook
positive,saha OORREDO BELEHY WA9TESH TAMLOU EL FIX JDID FI HAMMAM LIF ?,2017-09-08T01:13:20+0000,facebook
negative,echhar tayara ama service tayara sa3oudeya,2017-09-07T11:17:11+0000,facebook
negative,el ser9a jhar bhar ,2017-09-07T09:50:01+0000,facebook
negative, ya5i normal el r√©seau 3g 7alaa bfff,2017-09-06T15:27:17+0000,facebook
negative,Service techniques  zero w les r√©clamations mt√©3i mahomch ychoufou fihom,2017-09-06T12:10:41+0000,facebook
negative,oridoo normal el connxion ????,2017-09-06T03:17:20+0000,facebook
negative,mala 7alaaa bech nbadalha el puce tt ou orange 5ir ken eser9aaaa,2017-09-05T21:18:41+0000,facebook
positive,"ooreddo bel√©hii rab777777ouni ,3omri marbe7t",2017-09-05T14:07:11+0000,facebook
negative,hani nchargi kol youm mala kedhb 3anadkom 5iiit,2017-09-05T11:23:08+0000,facebook
negative,l kethb w taflim ,2017-09-05T09:27:19+0000,facebook
negative,Pfffffffffff barcha mssata,2017-09-04T23:16:02+0000,facebook
positive,thannnxx ooredoo,2017-09-04T18:27:17+0000,facebook
negative,service 3al 7iit!!!!,2017-09-04T11:13:21+0000,facebook
negative,Ken el kedheb wlh 9adch men mara sabit w chy,2017-09-06T22:06:27+0000,facebook
positive,bravooo ooredoo,2017-09-08T17:59:25+0000,facebook
negative,Yezi ma chargina..matama chay..,2017-09-07T14:57:39+0000,facebook
negative,ok sad9na klamkom hhhhh,2017-09-09T12:49:25+0000,facebook
negative,Machlaha ooridoo  üòàüòáüòâüòØ,2017-09-08T21:00:30+0000,facebook
negative,Tag7if 7ata fi internet hh,2017-09-06T01:30:02+0000,facebook
negative,24 heures akahaw :3 dima mtaamlouch haja shiha,2017-09-04T18:18:42+0000,facebook
positive,Ma7leh pub thabel,2017-09-04T13:40:34+0000,facebook
negative,mala 7ala fikommm ouuhh,2017-09-04T10:21:17+0000,facebook
positive,ta7foun barcha barcha,2017-09-04T07:10:39+0000,facebook
negative,t3ayef mala puub ,2017-09-03T21:11:41+0000,facebook
positive,lv youu ooridoo,2017-09-03T20:40:14+0000,facebook
positive,hhhhhhhh lol mala ka3ba da7ek,2017-09-03T17:35:49+0000,facebook
negative,kil 3ada tafflim,2017-09-03T15:20:34+0000,facebook
negative,cha3malna taw fi ha reseau,2017-09-03T13:40:34+0000,facebook
negative,oouh 3al connexion,2017-09-03T11:04:23+0000,facebook
negative,ma5ibou ichahr,2017-09-03T09:42:14+0000,facebook
negative,3leh tna7iwli fi flousii ?,2017-09-03T05:24:50+0000,facebook
negative,Hhhh mazelto ghadik,2017-09-03T01:28:45+0000,facebook
