comment_text;sentiment_category;date;source_url

BEST WISHES SALAH HOPPING THE  BEST FOR TUNISIA BASKETBALL ,AND YOUR CARRIER IN USA .;positive;2018-01-02T05:15:19+0000;https://graph.facebook.com/v2.11/10154955267502117_10154956257507117

Keep working hard big man,, I can see greatness in you!;positive;2018-01-01T19:26:37+0000;https://graph.facebook.com/v2.11/10154955267502117_10154955277682117

Salah ya ma3lem;positive;2018-01-01T19:29:06+0000;https://graph.facebook.com/v2.11/10154955267502117_10154955283187117

"Bravo Salah...
Ton pays t'attends,  malgré tout";positive;2017-12-27T18:43:42+0000;https://graph.facebook.com/v2.11/10154943633407117_10154943953742117

Un très grand geste Salah que ce petit n'ouvlira jamais...bravo;positive;2017-12-27T16:03:07+0000;https://graph.facebook.com/v2.11/10154943633407117_10154943721277117

Did you teach them sportsmanship? They should've taught you when you were young.;negative;2017-12-14T22:44:11+0000;https://graph.facebook.com/v2.11/10154896816322117_10154915455852117

Salah u rock! Good luck for coming games. Hope seeing you but also Embiid from Cameroun on Rades court on June;positive;2017-11-19T14:27:11+0000;https://graph.facebook.com/v2.11/10154860227507117_10154860502717117

je pense que c'est votre chance pour s'imposer à dallas, l'équipe est en train de reconstruction, nowitzki est proche de la retraite ... il faut enchainer les performance. bonne chance;positive;2017-11-20T10:54:32+0000;https://graph.facebook.com/v2.11/10154860227507117_10154862400662117

Salah mejri bn travail wnch rabi ywaf9ek fil NBA. Enti 3andek performance bech ta3mel carrier meziena;positive;2017-11-19T19:36:53+0000;https://graph.facebook.com/v2.11/10154860227507117_10154861123437117

Énorme le block sur The Greek Freak!!!;positive;2017-11-19T12:10:27+0000;https://graph.facebook.com/v2.11/10154860227507117_10154860256577117

saha salah ya maalem ama walli chout 3 kima nowitski;positive;2017-12-05T23:19:15+0000;https://graph.facebook.com/v2.11/10154860227507117_10154895924852117

bravo salah;positive;2017-11-19T14:27:42+0000;https://graph.facebook.com/v2.11/10154860227507117_10154860503642117

Good luck  Salah Mejri;positive;2017-11-19T16:12:05+0000;https://graph.facebook.com/v2.11/10154860227507117_10154860740542117

Bien joué cousin;positive;2017-11-19T16:34:44+0000;https://graph.facebook.com/v2.11/10154860227507117_10154860782752117

Great job.. You can do it;positive;2017-11-19T14:22:42+0000;https://graph.facebook.com/v2.11/10154860227507117_10154860493787117

Mejri doing his thing yo !;positive;2017-11-19T12:19:17+0000;https://graph.facebook.com/v2.11/10154860227507117_10154860266337117

mala block :o <3;positive;2017-11-19T12:24:55+0000;https://graph.facebook.com/v2.11/10154860227507117_10154860279042117

good luck bro;positive;2017-11-19T12:30:22+0000;https://graph.facebook.com/v2.11/10154860227507117_10154860288307117

Bravo Salah !;positive;2017-11-19T15:26:32+0000;https://graph.facebook.com/v2.11/10154859906917117_10154860638617117

Enjoy you’re the best;positive;2017-11-19T11:13:18+0000;https://graph.facebook.com/v2.11/10154859906917117_10154860151902117

Bravo;positive;2017-11-19T09:14:43+0000;https://graph.facebook.com/v2.11/10154859906917117_10154859975222117

Waw waw bravo salah you are the best;positive;2017-11-19T21:23:18+0000;https://graph.facebook.com/v2.11/10154859906917117_10154861322497117

Bravoooooo mejri;positive;2017-11-19T21:29:23+0000;https://graph.facebook.com/v2.11/10154859906917117_10154861332957117

Bravo saliii7;positive;2017-11-19T16:22:54+0000;https://graph.facebook.com/v2.11/10154859906917117_10154860761672117

Wallah m3alem ya lebled;positive;2017-11-21T23:14:02+0000;https://graph.facebook.com/v2.11/10154859906917117_10154865721597117

Bravo sala7;positive;2017-11-19T19:50:05+0000;https://graph.facebook.com/v2.11/10154859906917117_10154861149217117

My advice to u is:  Work in silent mode & give up any kind of show to succeed...;positive;2017-11-19T09:49:34+0000;https://graph.facebook.com/v2.11/10154859906292117_10154860005697117

Bravo proud of you a Leader @salah mejri;positive;2017-11-19T08:53:21+0000;https://graph.facebook.com/v2.11/10154859906292117_10154859956172117

Well done Salah :);positive;2017-11-20T08:00:02+0000;https://graph.facebook.com/v2.11/10154859906292117_10154862246537117

Sali7 ye mli7;positive;2017-11-19T09:18:24+0000;https://graph.facebook.com/v2.11/10154859906292117_10154859978872117

"Salah be like""We're u goin buh? No traffic thru here buh!""";positive;2017-11-19T09:43:11+0000;https://graph.facebook.com/v2.11/10154859906292117_10154859998742117

The tunisian beast;positive;2017-11-20T18:38:45+0000;https://graph.facebook.com/v2.11/10154859906292117_10154863134742117

"What a wonderful game last night realy good game :) , sorry for the loss''but it was realy great hearing them calling you the tunisian tower''so proud of you big star keep going ;)";positive;2017-11-12T14:09:06+0000;https://graph.facebook.com/v2.11/10154843161907117_10154844868507117

Alf mabrouk , w shmeta f nabbara zidhom tunis heya dawla Il 3arabiya Il wa7ida illi 3andha joueur fil NBA issmou Salah Mejri , keep it up salah;positive;2017-11-11T19:57:45+0000;https://graph.facebook.com/v2.11/10154843161907117_10154843178362117

It’s amazing so happy tunisia needs this happy news;positive;2017-11-15T13:04:39+0000;https://graph.facebook.com/v2.11/10154843161907117_10154851418482117

Congratulations all teams that made it;positive;2017-11-12T02:22:57+0000;https://graph.facebook.com/v2.11/10154843161907117_10154843915582117

Thanks champ;positive;2017-11-12T12:20:30+0000;https://graph.facebook.com/v2.11/10154843161907117_10154844718222117

Great job Keep it salah, soon nchalla more minutes on the floor;positive;2017-11-04T08:49:31+0000;https://graph.facebook.com/v2.11/10154827089897117_10154827105822117

So glad they are playing you!!! They need you!;positive;2017-11-05T05:36:28+0000;https://graph.facebook.com/v2.11/10154827089897117_10154829098187117

What Did you do in Real Madrid? You've got more level of that . You are now in a great league. Your place.;positive;2017-11-05T06:45:44+0000;https://graph.facebook.com/v2.11/10154827089897117_10154829194367117

M3àlem;positive;2017-11-04T21:52:29+0000;https://graph.facebook.com/v2.11/10154827089897117_10154828440037117

M3allem ya salah;positive;2017-11-04T09:18:18+0000;https://graph.facebook.com/v2.11/10154827089897117_10154827131577117

Nice job, keep working ya m3alem;positive;2017-11-04T09:38:44+0000;https://graph.facebook.com/v2.11/10154827089897117_10154827152092117

bon courage ye ghoul <3;positive;2017-11-04T12:04:01+0000;https://graph.facebook.com/v2.11/10154827089897117_10154827289452117

Bonne continuation;positive;2017-11-04T11:00:22+0000;https://graph.facebook.com/v2.11/10154827089897117_10154827219512117

Mnawar;positive;2017-11-04T14:36:51+0000;https://graph.facebook.com/v2.11/10154827089897117_10154827632232117

The future best defender;positive;2017-11-04T11:17:47+0000;https://graph.facebook.com/v2.11/10154827089897117_10154827236137117

always a shining star;positive;2017-11-04T19:03:14+0000;https://graph.facebook.com/v2.11/10154827089897117_10154828105587117

Wish you the best .God Bless.;positive;2017-11-08T15:20:42+0000;https://graph.facebook.com/v2.11/10154784209477117_10154836102967117

The king;positive;2017-10-16T09:25:40+0000;https://graph.facebook.com/v2.11/10154784209477117_10154784221327117

AWESOME THANKS GOD FOR HAVING SUCH a great player SAL;positive;2017-10-16T13:55:38+0000;https://graph.facebook.com/v2.11/10154784209477117_10154784605102117

Good luck;positive;2017-10-16T09:20:15+0000;https://graph.facebook.com/v2.11/10154784209477117_10154784218497117

Good luck;positive;2017-10-16T11:51:28+0000;https://graph.facebook.com/v2.11/10154784209477117_10154784375392117

"Rabbi m3ak sala7 pour cette saison ;)";positive;2017-10-21T20:43:43+0000;https://graph.facebook.com/v2.11/10154784209477117_10154797059427117

Rabi m3ak ya salah;positive;2017-10-17T20:23:57+0000;https://graph.facebook.com/v2.11/10154784209477117_10154787182317117

Good luck;positive;2017-10-16T17:36:24+0000;https://graph.facebook.com/v2.11/10154784209477117_10154784940777117

Bonne chance;positive;2017-10-16T16:35:12+0000;https://graph.facebook.com/v2.11/10154784209477117_10154784852812117

That’s wonderful Salah!!  Great memories for all of those kids and HOPE!!  So happy for them:).;positive;2017-10-17T02:06:28+0000;https://graph.facebook.com/v2.11/10154784207672117_10154785757447117

Great job SM 50;positive;2017-10-04T15:11:00+0000;https://graph.facebook.com/v2.11/10154758090337117_10154758242482117

No stop smiling is not a joke yes we won the African cup and without you.......;negative;2017-09-30T02:16:57+0000;https://graph.facebook.com/v2.11/10154748835947117_10154748888082117

Good luck this season. Flex some muscles and dunk on them fools. Will see you when you come to Oracle (Warriors ground);positive;2017-09-30T02:56:22+0000;https://graph.facebook.com/v2.11/10154748835947117_10154748936142117

good luck our great player <3 :) :*;positive;2017-09-30T01:49:57+0000;https://graph.facebook.com/v2.11/10154748835947117_10154748840712117

Work hard and good luck;positive;2017-09-30T10:42:28+0000;https://graph.facebook.com/v2.11/10154748835947117_10154749498157117

Tu resteras   toujours le meilleur Mejri Salah;positive;2017-09-30T04:53:57+0000;https://graph.facebook.com/v2.11/10154748835947117_10154749059657117

good luck to you for the next season;positive;2017-09-30T09:14:23+0000;https://graph.facebook.com/v2.11/10154748835947117_10154749412262117

Notre fierte;positive;2017-09-30T05:40:48+0000;https://graph.facebook.com/v2.11/10154748835947117_10154749138372117

Wa7dek ya salah;positive;2017-09-30T11:23:17+0000;https://graph.facebook.com/v2.11/10154748835947117_10154749534002117

Just to remind you Tunisia won the African cup without you......;negative;2017-09-30T02:14:52+0000;https://graph.facebook.com/v2.11/10154748831862117_10154748885332117

"there's a fine line between modesty and arrogance 
and you sooooo crossed the line 
PS: How did it feel to watch your mates win a championship without you when you said they can never do it ? ? ?
bet7oti nafsek fi mawa9éf baaaaaykha";negative;2017-09-30T17:52:52+0000;https://graph.facebook.com/v2.11/10154748831862117_10154750212702117

"just keep it up n don’t mind those ignorant people... You an example to follow...and remember.... If you ain’t got no heaters, that means you ain’t doing nothing right in your life ... 
best of luck for next season";positive;2017-09-30T01:59:47+0000;https://graph.facebook.com/v2.11/10154748831862117_10154748859962117

Inejim ikoun ghlot fi tasri7atou ama yab9a Dima wild tounes ou awal ifri9i ou 3arbi yal3ab l3ab fi Real Madrid ou tewa fi NBA ....i7tarmou chwaya t9oul  3adna 50  yal3bou fi NBA......;positive;2017-09-30T11:22:16+0000;https://graph.facebook.com/v2.11/10154748831862117_10154749533257117

Congratulation you r the best in NBA;positive;2017-09-30T07:27:31+0000;https://graph.facebook.com/v2.11/10154748831862117_10154749280912117

"You deserve back to 
Play with Tunisia again.
No one can replace u";positive;2017-10-01T17:28:08+0000;https://graph.facebook.com/v2.11/10154748831862117_10154752360742117

It’s a joy to watch a Tunisian player in the NBA  , Keep up the good work.;positive;2017-09-30T02:34:27+0000;https://graph.facebook.com/v2.11/10154748831862117_10154748910532117

Bonne continuation  sois confiant en l avenir tu as un pays une fédération ,des sportifs et surtout des basketteurs qui t aiment et qui espèrent te voir parmi les joueurs de l équipe de Tunisie.  Oublies le passe et regardes devant toi;positive;2017-09-30T15:38:04+0000;https://graph.facebook.com/v2.11/10154748831862117_10154749987482117

You are and still our pride MVP Afrobasket 2011. Keep on working hard, people who succeed are the ones who preserve not the ones who have talent only. A lot with talent failed but the ones working always succeed. Cameroon into the road for China 2019 is calling you;positive;2017-09-30T02:29:22+0000;https://graph.facebook.com/v2.11/10154748831862117_10154748904962117

First tunisian player in the NBA ! Le premier basketteur tunisien en NBA ! Awal basketteur tounsi fél NBA moutou bi ghaythikom ya wjouh l7soud;positive;2017-09-30T08:28:33+0000;https://graph.facebook.com/v2.11/10154748831862117_10154749348092117

keep up the hard work salah;positive;2017-09-30T07:57:21+0000;https://graph.facebook.com/v2.11/10154748831862117_10154749319247117

"Bon debut de saison champion , j'espère que tu passeras une bonne saison NBA et n'oublie pas que rien n'est impossible dans le sport en général tant qu'il y a la volonté de se dépasser 
Regarde la Tunisie sans toi a remporté la coupe d'Afrique , Inchallah tu seras présent pour les J.O
Rabbi M3ak Salah";positive;2017-10-01T13:11:40+0000;https://graph.facebook.com/v2.11/10154748831862117_10154751876032117

manech mest7a9inek w eli yekber 3ala bledou ychouf bled o5ra y3ich feha .. bel grinta jeboha lawled ma7achtnech bik ye5i f belek brohek Paul Gasol wela Leberon James fi9 ala ro7ek tu ne vaux rien rak f Nba un simple petit joueur et pour les tunisiens fassa5na alik bel gomme;negative;2017-09-16T18:51:40+0000;https://graph.facebook.com/v2.11/10154718988952117_10154718993612117

ntaba3 fil NBA men 9bal mayjiw yhezouk mel bac sport ya bhim w twali za3ma za3ma 3abed !! ti yadh7kou alik fi america kifeh wehed jabri yet9abba7 f popovic !! haha ya JABRI;negative;2017-09-16T23:01:01+0000;https://graph.facebook.com/v2.11/10154718988952117_10154719466377117

Majitech tkawer oumourek plutôt a7sin Bech matetsamech 3lik ama el klem eli 9oltou mte3 3abd go3r t3alem el basket 3omrou 20 sné maynajemch ikoun traba 3leha . W tawa jey t7il Fi fomek !!!! Mala r9o3;negative;2017-09-17T02:07:39+0000;https://graph.facebook.com/v2.11/10154718988952117_10154719746497117

ya Salah tawa wassa3t beli w 9rit les commentaire ala statut eli habatou mte3 félicitations pour l'équipe nationale 3al coupe d'afrique w j'espère eli fhemt le msg hata chay ne peut justifier l'arrogance en plus inti jra7t joueret shabek chouf surtout tasri7 makrem b romdhan dhaher eli tmas barcha w avec ça masamekech bel esm w mem ki hazou titre had majebdek j'esper eli 5dhit drous ya salah rak  jit lil basket sodfa w mchet m3ak denya w dha7ketlek layem kolou sodfa au début fel 20 ans shabt déja le3bin 8 ans au minimum donc inti t chanceux eli iktachfouk twensa w ken mal3abtech fel ESS w fel équipe national rak mamchitech lé l madrid l dalas w en plus tawado3 rak ken l kbar winti warit eli mezelt makbertch w 5alini n9OLEK HAJA blastek mawjouda shih fel équipe nationale ama rak  joueur t9oum b role shih f9ednek coté rebonds w contre w ta7t le paneau adversaire ama rak techniquement parlant inti a9AL JOUEUR FI TOUNES pratiquement w chouf tes statisque cote lancé franc wala tir 3 point OU MEM 2 POINts min distance moyenne donc nsi7t lik bech tekber tawa fi 3inin nes eli ta3mel conférence de presse totleb sme7 min s7abek w men fédération w cha3b tounsi el kol w mar7bé bik fel équipe nationale rahou cha3b tounsi spontané  yseb wa9t 4och  ama mousema7 barcha w yinsa fissa3 w maylawa7ch weld bledou w l kolna ki tal3eb équipe nationale joueret wala jomhour nmoutou aleha carrierek ma3adech fih barcha w tawa 3malt flous mem si tarja3 l jendouba t3ich lebes tawa 5amem mli7 rak mem titulaire fi dalas matnajamech tal3eb la coupe du monde lé jeux olympique ila fi tounes;negative;2017-09-17T14:45:09+0000;https://graph.facebook.com/v2.11/10154718988952117_10154720768772117

Rabbi m3ak 5ouya salah w mara jeya enty m3ahom nchala w nhebik te5dem ala rouhk w thez 3alam touns f america w mayhemikch fil nabara.3adi mahomch joueret;positive;2017-09-16T18:53:21+0000;https://graph.facebook.com/v2.11/10154718988952117_10154718996262117

yekhi lmejry berasmi touns hazet coupe dafrique manghir lmejry rytha denya ya twil mata9ef 3la 7ad wetakabor mdhala mouch fokhra touns berjelha w félicitation mta3ek thesha fou9 men 9albek;negative;2017-09-17T01:18:25+0000;https://graph.facebook.com/v2.11/10154718988952117_10154719668932117

manech mest7a9inek w eli yekber 3ala bledou ychouf bled o5ra y3ich feha .. bel grinta jeboha lawled ma7achtnech bik ye5i f belek brohek Paul Gasol wela Leberon James fi9 ala ro7ek tu ne vaux rien rak f Nba un simple petit joueur et pour les tunisiens fassa5na alik bel gomme;negative;2017-09-15T19:31:15+0000;https://graph.facebook.com/v2.11/10154716485587117_10154716850167117

EN = Salah mejri et salah mejri = EN kifech mela 3awed ech 9otli messkin tu nous  fais pitié pauvre arrogant;negative;2017-09-16T18:50:42+0000;https://graph.facebook.com/v2.11/10154716485587117_10154718991122117

Tunisie.. ...goooo we do it for you Salah...;positive;2017-09-15T19:23:51+0000;https://graph.facebook.com/v2.11/10154716485587117_10154716841017117

salaah mejrii 8ibteek wbra 3lech mla3bii lbehii dima mayfr7nech  m3aa monta5ab :3;negative;2017-09-15T15:28:41+0000;https://graph.facebook.com/v2.11/10154716485587117_10154716491972117

Mouch kane jit chareket w 3awent shabek khier z3am kane fi ta3ali9 fer8a;negative;2017-09-15T16:48:08+0000;https://graph.facebook.com/v2.11/10154716485587117_10154716602262117

great;positive;2017-09-15T19:38:45+0000;https://graph.facebook.com/v2.11/10154716485587117_10154716860142117

You will be missed in today's game mr Salah Mejri;positive;2017-09-15T16:35:11+0000;https://graph.facebook.com/v2.11/10154716485587117_10154716581562117

Bravoooo;positive;2017-09-15T23:10:20+0000;https://graph.facebook.com/v2.11/10154716485587117_10154717241097117

rak takel fi rou7ek mak 9olet bla bya mayhezou chay ahhh w hezouha ...;negative;2017-09-15T16:13:57+0000;https://graph.facebook.com/v2.11/10154716485587117_10154716551977117

Hana weslna l'EL final blech bik;negative;2017-09-16T06:41:16+0000;https://graph.facebook.com/v2.11/10154716485587117_10154717937907117

manech mest7a9inek w eli yekber 3ala bledou ychouf bled o5ra y3ich feha .. bel grinta jeboha lawled ma7achtnech bik ye5i f belek brohek Paul Gasol wela Leberon James fi9 ala ro7ek tu ne vaux rien rak f Nba un simple petit joueur et pour les tunisiens fassa5na alik bel gomme;negative;2017-09-15T19:32:36+0000;https://graph.facebook.com/v2.11/10154713355362117_10154716851807117

Go to the f**king hell;negative;2017-09-17T13:06:05+0000;https://graph.facebook.com/v2.11/10154713355362117_10154720591532117

We just have the honor to support u thats enough, isnt ??;negative;2017-09-14T03:59:36+0000;https://graph.facebook.com/v2.11/10154713355362117_10154713389712117

Idol;positive;2017-09-14T03:31:50+0000;https://graph.facebook.com/v2.11/10154713355362117_10154713356722117

"Salah "" THE DREAM "", le rêve est réalisé !";positive;2017-09-11T06:10:47+0000;https://graph.facebook.com/v2.11/10154705430977117_10154707284392117

Nchallah rabbi yahfdhek Wi iwaf9ek;positive;2017-09-11T15:32:56+0000;https://graph.facebook.com/v2.11/10154705430977117_10154708007152117

manech mest7a9inek w eli yekber 3ala bledou ychouf bled o5ra y3ich feha .. bel grinta jeboha lawled ma7achtnech bik ye5i f belek brohek Paul Gasol wela Leberon James fi9 ala ro7ek tu ne vaux rien rak f Nba un simple petit joueur et pour les tunisiens fassa5na alik bel gomme;negative;2017-09-15T19:32:59+0000;https://graph.facebook.com/v2.11/10154705430977117_10154716852357117

Message mte3ou...tunis blech bia mata3mel chay....yabta chwaya;negative;2017-09-17T11:25:23+0000;https://graph.facebook.com/v2.11/10154705430977117_10154720431177117

makontesh tnajem ma3neha tne9eshom ki 9aloulek lé !!! w 3adeya t7essha enti !!!;negative;2017-09-08T13:32:09+0000;https://graph.facebook.com/v2.11/10154701032377117_10154701074642117

I hope for your sake, you have a reasonable reason for not being with the group to represent your country? Because I always respected you as a person, and that's why I'm wandering!;negative;2017-09-08T18:28:35+0000;https://graph.facebook.com/v2.11/10154701032377117_10154701585152117

Ya salah 7atta 7add ma inejem ina9as mel valeur mte3ek . Pour moi tu es le meilleur joueur de basket que notre pays a connu . Mais allah ghaleb enti ghlot marra w9olt elli l'equipe nationale blech bik ma tnejem ta3mel chay whedhi ghalta kbira wma7a99ekch 9oltha sincerement . Il faut assumer . Meme si c vrai mais ya des choses qu'il ne faut jamais dire t7ebb walla tekrah . Mais rabbi m3ak wen7ebbouk tcharrafna lbarra . Bonne continuation;positive;2017-09-08T14:03:23+0000;https://graph.facebook.com/v2.11/10154701032377117_10154701171287117

Mala Stephen curry ya3tek nam;negative;2017-08-25T19:27:21+0000;https://graph.facebook.com/v2.11/10154668947867117_10154669063097117

Tu represente la Tunisie déjà dans la nba bonne chance et travaille ta finition pour être un bon terminale offensif en est tous avec toi et très fière de tes performance;positive;2017-08-25T18:34:59+0000;https://graph.facebook.com/v2.11/10154668947867117_10154668977402117

Fans of Salah from all around the world , you must be proud of Salah , he plays in the NBA , who ealse could do that ?! this is a pure honor for you as Tunisians , its a pure honor for me as a Muslim and As an Algerian , our neighbors have a talent in the NBA , Salah Honored Tunisia More by just playing in The NBA and he is the reason for many people around the world to know Tunisia , #RISE_PLEASE Salah Mejri;positive;2017-08-25T18:27:55+0000;https://graph.facebook.com/v2.11/10154668947867117_10154668966977117

Bonne chance;positive;2017-08-25T18:24:25+0000;https://graph.facebook.com/v2.11/10154668947867117_10154668962312117

we need more people like you.;positive;2017-08-12T14:24:48+0000;https://graph.facebook.com/v2.11/10154638105307117_10154638112507117

We need you in the afrobasket2017!!;positive;2017-08-13T03:30:20+0000;https://graph.facebook.com/v2.11/10154638105307117_10154639520057117

your home village and country are priceless;negative;2017-08-12T14:29:03+0000;https://graph.facebook.com/v2.11/10154638105307117_10154638118372117

Bravo kouya yatik isaha;positive;2017-08-14T00:50:01+0000;https://graph.facebook.com/v2.11/10154638105307117_10154641768957117

I am so proud of you both!;positive;2017-08-13T02:32:07+0000;https://graph.facebook.com/v2.11/10154637822282117_10154639439667117

Keep it up Salah!;positive;2017-08-12T14:30:22+0000;https://graph.facebook.com/v2.11/10154637822282117_10154638121382117

Mnawer ha mahlam;positive;2017-08-12T21:17:28+0000;https://graph.facebook.com/v2.11/10154637822282117_10154638871377117

Merci pour ton apport au Basket, bravo Salah;positive;2017-08-03T14:48:22+0000;https://graph.facebook.com/v2.11/10154616259047117_10154616371807117

Bravo Salah;positive;2017-08-03T16:40:16+0000;https://graph.facebook.com/v2.11/10154616259047117_10154616546362117

Bon courage sala7 majer;positive;2017-08-03T10:08:24+0000;https://graph.facebook.com/v2.11/10154615886297117_10154615888037117

Bravo;positive;2017-08-03T10:08:07+0000;https://graph.facebook.com/v2.11/10154615886297117_10154615887702117

bravo coach;positive;2017-08-03T17:59:14+0000;https://graph.facebook.com/v2.11/10154615886297117_10154616679572117

Bravooo et merciiii;positive;2017-08-05T16:23:20+0000;https://graph.facebook.com/v2.11/10154615886297117_10154621512807117

BRAVO SALAH .TU ES UN GRAND;positive;2017-08-03T23:32:06+0000;https://graph.facebook.com/v2.11/10154615886297117_10154617408017117

Notre fierté;positive;2017-08-03T10:49:27+0000;https://graph.facebook.com/v2.11/10154615886297117_10154615927687117

bravo saleh;positive;2017-08-03T14:51:30+0000;https://graph.facebook.com/v2.11/10154615886297117_10154616377067117

Bon courage;positive;2017-08-03T17:03:27+0000;https://graph.facebook.com/v2.11/10154615886297117_10154616587997117

Bravo sala7;positive;2017-08-03T16:31:36+0000;https://graph.facebook.com/v2.11/10154615886297117_10154616534507117

Go go salih;positive;2017-08-03T09:20:33+0000;https://graph.facebook.com/v2.11/10154615819407117_10154615825822117

salah mejri ya m3allem;positive;2017-08-03T10:44:28+0000;https://graph.facebook.com/v2.11/10154615819407117_10154615923047117

Patron salih;positive;2017-09-09T10:35:51+0000;https://graph.facebook.com/v2.11/10154615819407117_10154702947587117

Salah the best;positive;2017-08-03T08:57:12+0000;https://graph.facebook.com/v2.11/10154615801767117_10154615802612117

Errajel mhouch newi ykawer m3a lequipe national walalhi ghriba;negative;2017-08-03T09:04:11+0000;https://graph.facebook.com/v2.11/10154615801767117_10154615808022117

Bravooooo;positive;2017-08-05T16:27:19+0000;https://graph.facebook.com/v2.11/10154615801767117_10154621527747117

Tres belle initiative;positive;2017-08-03T22:12:07+0000;https://graph.facebook.com/v2.11/10154615801767117_10154617265357117

Bravo champion!;positive;2017-07-30T20:18:40+0000;https://graph.facebook.com/v2.11/10154607596007117_10154607601002117

Bonne continuation;positive;2017-07-30T21:19:42+0000;https://graph.facebook.com/v2.11/10154607596007117_10154607741577117

Bravoooooo;positive;2017-07-30T21:19:04+0000;https://graph.facebook.com/v2.11/10154607596007117_10154607736962117

Bravo;positive;2017-07-31T18:06:13+0000;https://graph.facebook.com/v2.11/10154607596007117_10154609618267117

Good luck and enjoy this experience !!!;positive;2017-07-30T10:48:14+0000;https://graph.facebook.com/v2.11/10154606423752117_10154606490992117

un grand BRAVO à toi Salih, aux coachs Melvin & Franky :-);positive;2017-07-12T21:47:06+0000;https://graph.facebook.com/v2.11/10154554455677117_10154554718957117

Bravo Salah et bonne chance pour la suite;positive;2017-07-12T20:27:49+0000;https://graph.facebook.com/v2.11/10154554455677117_10154554463482117

Bravo Salah! This is wonderful!!!;positive;2017-07-13T02:27:40+0000;https://graph.facebook.com/v2.11/10154554455677117_10154555253037117

Salah Mejri...the Legend.;positive;2017-07-09T15:54:07+0000;https://graph.facebook.com/v2.11/10154545097832117_10154545145342117

Great coaches clinic preparing the future of Tunisia basketball!!;positive;2017-07-09T10:35:58+0000;https://graph.facebook.com/v2.11/10154544477562117_10154544481987117

Bravo Salah Mejri, hedha eli lazemna fi tunis 3a9lia kif men haka bech nekhdmou bledna w nanhdhou biha;positive;2017-07-09T11:06:49+0000;https://graph.facebook.com/v2.11/10154544477562117_10154544534487117

Bravo , you are really doing great by giving back to your country <3;positive;2017-07-10T07:47:35+0000;https://graph.facebook.com/v2.11/10154544477562117_10154547252362117

RABBi m3ak;positive;2017-07-09T10:38:06+0000;https://graph.facebook.com/v2.11/10154544477562117_10154544484892117

"Bravo ;)";positive;2017-07-09T10:34:27+0000;https://graph.facebook.com/v2.11/10154544477562117_10154544479447117

Bravo!!!;positive;2017-07-12T21:46:16+0000;https://graph.facebook.com/v2.11/10154544477562117_10154554714067117

Your doing so well Hun x;positive;2017-07-08T11:16:27+0000;https://graph.facebook.com/v2.11/10154540294282117_10154541591922117

Bravo salah;positive;2017-07-07T23:17:05+0000;https://graph.facebook.com/v2.11/10154540294282117_10154540390962117

well done keep it up;positive;2017-07-08T10:59:42+0000;https://graph.facebook.com/v2.11/10154540294282117_10154541570717117

Good job Salih!!!;positive;2017-07-08T07:15:51+0000;https://graph.facebook.com/v2.11/10154540294282117_10154541256907117

bravo et merci;positive;2017-07-08T14:04:23+0000;https://graph.facebook.com/v2.11/10154540294282117_10154541965297117

Brovo!!!!!!!!;positive;2017-07-09T06:20:30+0000;https://graph.facebook.com/v2.11/10154540294282117_10154544108417117

Bravo (y);positive;2017-07-08T10:51:21+0000;https://graph.facebook.com/v2.11/10154540294282117_10154541558627117

Bravo;positive;2017-07-08T10:38:58+0000;https://graph.facebook.com/v2.11/10154540294282117_10154541534982117

Great ambassador of the game.  I'm sorry I was already gone from the embassy when he was there.;positive;2017-07-07T19:58:04+0000;https://graph.facebook.com/v2.11/10154539596172117_10154539824972117

Masha'Allah Salah pr cque tu fait.;positive;2017-07-07T19:51:55+0000;https://graph.facebook.com/v2.11/10154539596172117_10154539811617117

Makhalit had mablockitouch hhhhhhhhh;positive;2017-07-07T18:35:23+0000;https://graph.facebook.com/v2.11/10154539596172117_10154539606102117

bravo et merci Salah;positive;2017-07-07T20:03:36+0000;https://graph.facebook.com/v2.11/10154539591402117_10154539839367117

Yes Salih genial de voir els gamins organisés et disciplinés de la sorte;positive;2017-07-07T19:06:54+0000;https://graph.facebook.com/v2.11/10154539004002117_10154539681842117

Un excellent exemple Salih Mejri, aussi notre meilleur ambassadeur du Basket-ball Tunisiens;positive;2017-07-08T18:14:12+0000;https://graph.facebook.com/v2.11/10154539004002117_10154542496647117

M3alem wallah dima mcharefna;positive;2017-07-07T16:13:07+0000;https://graph.facebook.com/v2.11/10154539004002117_10154539330292117

Mnawir salah mejri wta3mil mzzzzzzzeeeeeeeyyyyyyyyaaaaaaa Tom 3liiiiiiina fel kef;positive;2017-07-08T09:05:55+0000;https://graph.facebook.com/v2.11/10154539004002117_10154541420382117

Bravo rabi ibariklik;positive;2017-07-07T18:48:00+0000;https://graph.facebook.com/v2.11/10154539004002117_10154539637337117

You are a symbol of hope for all those kids!!!@;positive;2017-07-11T02:37:31+0000;https://graph.facebook.com/v2.11/10154539004002117_10154549572787117

Bravo Salah;positive;2017-07-07T22:33:55+0000;https://graph.facebook.com/v2.11/10154539004002117_10154540301832117

Bravo;positive;2017-07-07T21:29:45+0000;https://graph.facebook.com/v2.11/10154539004002117_10154540085957117

So happy for you!!!! So happy for all the kids there;positive;2017-07-11T02:37:05+0000;https://graph.facebook.com/v2.11/10154539004002117_10154549572297117

ma3lem rabi2 ywaf9ek;positive;2017-07-07T18:59:40+0000;https://graph.facebook.com/v2.11/10154539004002117_10154539665377117

Bravooooooo salih;positive;2017-07-07T16:49:46+0000;https://graph.facebook.com/v2.11/10154539004002117_10154539404377117

Bravo;positive;2017-07-08T13:35:55+0000;https://graph.facebook.com/v2.11/10154539004002117_10154541858912117

Bravo;positive;2017-07-07T16:21:03+0000;https://graph.facebook.com/v2.11/10154539004002117_10154539346782117

Go salah :) you are great;positive;2017-07-07T12:03:19+0000;https://graph.facebook.com/v2.11/10154538665727117_10154538680317117

Bravo le meilleur baskateur;positive;2017-07-07T11:58:34+0000;https://graph.facebook.com/v2.11/10154538665727117_10154538671917117

Boss;positive;2017-07-07T11:56:32+0000;https://graph.facebook.com/v2.11/10154538665727117_10154538668647117

<3 salah;positive;2017-07-07T20:13:50+0000;https://graph.facebook.com/v2.11/10154538665727117_10154539857677117

Notre legende et notre fierté;positive;2017-07-07T12:03:30+0000;https://graph.facebook.com/v2.11/10154538665727117_10154538680617117

Sa7a m3alem;positive;2017-07-07T12:29:34+0000;https://graph.facebook.com/v2.11/10154538665727117_10154538726842117

u r welcome ya saleh et bonne chance pour toi et la tunisie;positive;2017-07-06T10:28:33+0000;https://graph.facebook.com/v2.11/10154535646032117_10154535661052117

Ahla bel patron;positive;2017-07-06T10:42:09+0000;https://graph.facebook.com/v2.11/10154535646032117_10154535683952117

bonne chance mn frr;positive;2017-07-06T10:26:16+0000;https://graph.facebook.com/v2.11/10154535646032117_10154535656367117

welcome back dear Salah;positive;2017-07-06T12:53:12+0000;https://graph.facebook.com/v2.11/10154535646032117_10154535908497117

notre fierté et notre legende;positive;2017-07-06T10:23:09+0000;https://graph.facebook.com/v2.11/10154535646032117_10154535651702117

SALAH U R THE BEST;positive;2017-07-06T10:39:21+0000;https://graph.facebook.com/v2.11/10154535646032117_10154535679752117

Welcome;positive;2017-07-06T11:03:31+0000;https://graph.facebook.com/v2.11/10154535646032117_10154535712087117

Salihhh ye ghoulll !!  tower   <3;positive;2017-07-06T10:29:09+0000;https://graph.facebook.com/v2.11/10154535646032117_10154535662077117

Ya weldi wa9teh tarja3 tal3b m3a lequipe national;negative;2017-07-03T16:43:32+0000;https://graph.facebook.com/v2.11/10154526755677117_10154527010012117

the best;positive;2017-07-07T13:52:59+0000;https://graph.facebook.com/v2.11/10154526755677117_10154539005927117

You're the best bro , see you in Dallas soon;positive;2017-07-02T21:39:39+0000;https://graph.facebook.com/v2.11/10154523964262117_10154524502592117

Keep it up Salah Mejri;positive;2017-07-02T19:37:48+0000;https://graph.facebook.com/v2.11/10154523964262117_10154524140062117

Bon courage;positive;2017-06-27T03:01:56+0000;https://graph.facebook.com/v2.11/10154504925452117_10154505805397117

Sa7a swila7 test7a9 kol l5ir;positive;2017-06-26T23:42:23+0000;https://graph.facebook.com/v2.11/10154504925452117_10154505448842117

Congratulations! Bonne continuation!;positive;2017-06-27T01:39:09+0000;https://graph.facebook.com/v2.11/10154504925452117_10154505664332117

this is a great initiative but i don't understand the justification for charging foreigners in dollars, and also charging them an amount that works out more than the fee for egyptians. there are non-egyptians in egypt who firstly, are not millionaires and secondly, cannot get a hold of dollars. this policy is exclusionary and unfair.;negative;2017-06-17T12:49:11+0000;https://graph.facebook.com/v2.11/10154475798057117_10154478781192117

Interesting!;positive;2017-06-08T09:43:08+0000;https://graph.facebook.com/v2.11/10154454406762117_10154455341347117

Ya7yik l amthalou Champion;positive;2017-05-26T22:19:27+0000;https://graph.facebook.com/v2.11/10154421248007117_10154421262367117

Good Luck;positive;2017-05-21T22:52:59+0000;https://graph.facebook.com/v2.11/10154408615727117_10154408617267117

I know you can do better next season, u have a lots skills;positive;2017-05-09T22:59:10+0000;https://graph.facebook.com/v2.11/10154374670822117_10154374765457117

Bravo salad nawertelna wjouhna rabbi nawerha fi wejhek  great job;positive;2017-05-10T03:12:50+0000;https://graph.facebook.com/v2.11/10154374670822117_10154375149517117

All Tunisian people are proud of you brother, keep up the hard work you will do much better...may God protect you..;positive;2017-05-10T01:23:09+0000;https://graph.facebook.com/v2.11/10154374670822117_10154374986652117

Dallas needs that fire.;positive;2017-07-21T23:59:59+0000;https://graph.facebook.com/v2.11/10154374670822117_10154582064582117

You're doing great homie keep up with the good work;positive;2017-05-10T16:30:29+0000;https://graph.facebook.com/v2.11/10154374670822117_10154376322742117

I enjoy watching you play ...keep going MEJRI .. you are an example for so many young Tunisian players . RESPECT;positive;2017-05-10T08:15:02+0000;https://graph.facebook.com/v2.11/10154374670822117_10154375523372117

We are proud of you man!! Keep going, you can do better;positive;2017-05-10T00:00:41+0000;https://graph.facebook.com/v2.11/10154374670822117_10154374856132117

MEJRI ON FIRE STYLE;positive;2017-05-09T23:27:45+0000;https://graph.facebook.com/v2.11/10154374670822117_10154374808132117

Keep working ,you made us proud :);positive;2017-05-09T23:13:30+0000;https://graph.facebook.com/v2.11/10154374670822117_10154374790587117

Cheers to that, Salah Mejri, Thank you for bringing back Tunisia to the map,being our only nba play. We all know its a struggle getting people to know where tunisia is, haha and not tanzania...;positive;2017-04-30T15:53:50+0000;https://graph.facebook.com/v2.11/10154350165972117_10154352196042117

"Love my country and like the video thanks   ;)";positive;2017-04-29T23:42:41+0000;https://graph.facebook.com/v2.11/10154350165972117_10154350604792117

A big well done Salah keep the hard work UP;positive;2017-04-23T05:41:21+0000;https://graph.facebook.com/v2.11/10154332306742117_10154334402772117

Waw proud of you Salah.... the  tunisian lands are proud of you ... Enchallah my son will become as performing as you;positive;2017-04-22T16:06:52+0000;https://graph.facebook.com/v2.11/10154332306742117_10154332968462117

"Salah Mejri M3alam wéld l'étoile. Bonne saison et de très belles performances. Il y a encore moyen d'aller plus loin ;)";positive;2017-04-22T11:20:15+0000;https://graph.facebook.com/v2.11/10154332306742117_10154332453652117

"nafra7 ki nra tounsi mnawerna 
bon continuation  <3";positive;2017-04-22T09:28:59+0000;https://graph.facebook.com/v2.11/10154332306742117_10154332320662117

So proud of you bro - amazing;positive;2017-04-23T12:55:39+0000;https://graph.facebook.com/v2.11/10154332306742117_10154334926912117

MASHALLAH.;positive;2017-04-22T14:52:12+0000;https://graph.facebook.com/v2.11/10154332306742117_10154332830867117

One of the few reasons that makes me proud to be Tunisian <3 <3 Go Salah <3;positive;2017-04-22T09:45:40+0000;https://graph.facebook.com/v2.11/10154332306742117_10154332338127117

well done Salah, good luck for the future;positive;2017-04-22T09:54:03+0000;https://graph.facebook.com/v2.11/10154332306742117_10154332346452117

Proud of you weld bledi;positive;2017-04-22T11:15:29+0000;https://graph.facebook.com/v2.11/10154332306742117_10154332448702117

Gd luck brooo;positive;2017-04-22T09:24:19+0000;https://graph.facebook.com/v2.11/10154332306742117_10154332312442117

Bravo;positive;2017-04-22T09:42:14+0000;https://graph.facebook.com/v2.11/10154332306742117_10154332334747117

Vous êtes une fierté Salah <3;positive;2017-04-22T09:27:27+0000;https://graph.facebook.com/v2.11/10154332306742117_10154332316292117

Saha ya m3alam;positive;2017-04-22T09:34:27+0000;https://graph.facebook.com/v2.11/10154332306742117_10154332327717117

Salah ya m3alem mest7a9inek fi coup d'Afrique enclh tfara7na ki 3ada;positive;2017-04-16T09:50:19+0000;https://graph.facebook.com/v2.11/10154316827277117_10154316846772117

welcome back champion!!!;positive;2017-04-16T09:37:20+0000;https://graph.facebook.com/v2.11/10154316827277117_10154316832152117

Greetings from Munich. U did a great job this season;positive;2017-04-16T09:36:52+0000;https://graph.facebook.com/v2.11/10154316827277117_10154316831522117

U R the best Salah;positive;2017-04-17T13:00:51+0000;https://graph.facebook.com/v2.11/10154316827277117_10154319820647117

BIG Salah... welcome back  !;positive;2017-04-16T09:48:03+0000;https://graph.facebook.com/v2.11/10154316827277117_10154316844952117

bravo :);positive;2017-04-16T09:49:10+0000;https://graph.facebook.com/v2.11/10154316827277117_10154316845667117

wahra;positive;2017-04-17T10:57:32+0000;https://graph.facebook.com/v2.11/10154316827277117_10154319614607117

welcome home champ :D;positive;2017-04-16T09:43:29+0000;https://graph.facebook.com/v2.11/10154316827277117_10154316840612117

Rabi maak y'a Salah #sm50;positive;2017-04-15T08:12:52+0000;https://graph.facebook.com/v2.11/10154313789142117_10154313848147117

So cool;positive;2017-04-15T19:24:51+0000;https://graph.facebook.com/v2.11/10154313789142117_10154315211072117

malem;positive;2017-04-15T08:52:19+0000;https://graph.facebook.com/v2.11/10154313789142117_10154313905687117

bravoo;positive;2017-04-15T17:39:13+0000;https://graph.facebook.com/v2.11/10154313789142117_10154314981617117

You are an inspiration to all the kids in the whole Arab World. Keep their dreams alive by playing as many years as possible in the best league in the world. I might be teaching next year in Dallas insha Allah, so you better lock your spot in the roster. Say hi to Hamoudi, Maroki and the crew if you make it back to Tunisia this summer.;positive;2017-04-15T03:19:54+0000;https://graph.facebook.com/v2.11/10154313223077117_10154313392617117

Keep up the good work Salah ! You did great this year ! Way to go ! Proud of you;positive;2017-04-15T01:41:41+0000;https://graph.facebook.com/v2.11/10154313223077117_10154313227857117

You are the king of basket ball in NBA congratulation Salah;positive;2017-04-15T20:00:17+0000;https://graph.facebook.com/v2.11/10154313223077117_10154315271867117

We're so proud of you hope you join the Cavs one day <3;positive;2017-04-15T01:42:38+0000;https://graph.facebook.com/v2.11/10154313223077117_10154313229367117

Keep up the good work bro , I'll see you in Dallas next season for sure;positive;2017-04-15T17:49:08+0000;https://graph.facebook.com/v2.11/10154313223077117_10154315002212117

Your doing a good job. Maybe u need to improve setting screen. Sometimes it causes mavs momentum. But i love your chasing Blocks. Its kinda rare for center.;positive;2017-04-15T02:41:13+0000;https://graph.facebook.com/v2.11/10154313223077117_10154313330697117

congrats for the 3 pts shot believe in ur self.;positive;2017-04-15T11:39:44+0000;https://graph.facebook.com/v2.11/10154313223077117_10154314158302117

Good luck for next season. Hope we'll see you with a champ ring one day.;positive;2017-04-15T11:01:17+0000;https://graph.facebook.com/v2.11/10154313223077117_10154314105987117

Great season! Hope your back with us next year!;positive;2017-04-15T02:05:12+0000;https://graph.facebook.com/v2.11/10154313223077117_10154313269322117

We better keep salah;positive;2017-04-15T03:06:08+0000;https://graph.facebook.com/v2.11/10154313223077117_10154313366377117

Rabbi m3ak Salah;positive;2017-04-15T21:13:41+0000;https://graph.facebook.com/v2.11/10154313223077117_10154315414577117

Rebhin 91-78 avec 3:30 restant w felakher défaite 91-92 WTF;negative;2017-03-28T09:21:35+0000;https://graph.facebook.com/v2.11/10154265617067117_10154265635577117

"""Go Majri!"" this gonna be ur new sloagn";positive;2017-03-29T05:51:29+0000;https://graph.facebook.com/v2.11/10154265617067117_10154267659022117

Bravo Salah;positive;2017-03-28T10:08:54+0000;https://graph.facebook.com/v2.11/10154265617067117_10154265687802117

Good bro;positive;2017-03-30T14:50:44+0000;https://graph.facebook.com/v2.11/10154265617067117_10154270327217117

Saha weld bledi mcharefna <3;positive;2017-03-28T09:10:20+0000;https://graph.facebook.com/v2.11/10154265617067117_10154265624077117

Bravo tu es vraiment notre fierté;positive;2017-03-28T13:04:17+0000;https://graph.facebook.com/v2.11/10154265617067117_10154265954272117

trés trés bon match hier mais dommage pour vous y'avait le grand Russell Westbrook en face :D;positive;2017-03-28T18:40:35+0000;https://graph.facebook.com/v2.11/10154265615407117_10154266566652117

You make all tuniisian feeling proud! You are the best;positive;2017-03-17T07:58:01+0000;https://graph.facebook.com/v2.11/10154238813692117_10154238884187117

Ejbed 7ata mara 3al équipe eli radetek rajel w wasletek lel 3alamya w lel équipe nationale... L'étoile..!!!;negative;2017-03-17T08:18:37+0000;https://graph.facebook.com/v2.11/10154238813692117_10154238904017117

i'm always watching NBA i watched you for few time in dallas ... you're doing your job when you're in the game (block shoots, dunks...) maybe it's few minutes but don't give up keep working hard.. i'm too proud of you bc the only tunisian player who goes to play in the NBA and can block shoots many greatest players like KD,.... well done bro <3;positive;2017-03-17T10:59:12+0000;https://graph.facebook.com/v2.11/10154238813692117_10154239110647117

Quand je lai vu jouer  la 1ere fois en ACB jetais convaincu de son jeu mais surtout de sa progression. Et le resultat est lá. Big up jeune frere;positive;2017-03-17T07:24:21+0000;https://graph.facebook.com/v2.11/10154238813692117_10154238832972117

you are nice person i m very proud best friend  you are a good idole for the jong tunisien who like besket;positive;2017-03-17T09:57:29+0000;https://graph.facebook.com/v2.11/10154238813692117_10154239016327117

ti yezzina mil ri9 wou lil l étoile. louled machallah ykawer fi Nba wou najeh winti 9a3ed kan tehki kil metkhalef;positive;2017-03-17T07:12:00+0000;https://graph.facebook.com/v2.11/10154238813692117_10154238821952117

All the best Tunisian Gladiator, the entire nation is proud of you.;positive;2017-03-17T07:34:03+0000;https://graph.facebook.com/v2.11/10154238813692117_10154238857307117

keep it up man you rock! <3;positive;2017-03-17T07:38:52+0000;https://graph.facebook.com/v2.11/10154238813692117_10154238866982117
