Date,Id,comment_text,sentiment_rating
2018-01-02 16:21:54,151966444824649_1770338822987395,Shems El ikhwania ุงูุฅุฎูุงููุฉ ุงูููุงุจ,-1
2018-01-01 8:42:40,151966444824649_1769003303120947,Shems fm ุฅุฎูุงููุฉ ุดูุทุงููุฉ,-1
2017-12-31 12:30:39,151966444824649_1767855846569026,Article machbouh cad a7na menghodwa nchoufou les subsahariens ntarrdouhom walla n9oulou roddou balkom rahom lkolhom des voleurs. Dรฉjร el page ismha shems aflem hhhhhh,-1
2017-12-31 10:07:31,151966444824649_1767782199909724,ุชู ูุฒู ุนุงุฏ ูู ุงููุฐุจ ุชู ุงุดููุฉ ุชูุง,-1
2017-12-31 10:37:28,151966444824649_1767769823244295,Belehi yezina mil ketheb,-1
2017-12-31 10:40:49,151966444824649_1767769823244295,ูุงุซูุง ุดู ููู ุจุต ููุฐุจ,-1
2017-12-31 12:25:41,151966444824649_1767769823244295,ุชูููู ู ููุฏ ุนูู ุงูุงุฑูุงุจ ูููู,-1
2017-12-31 6:48:53,151966444824649_1767527276601883,ูุฒูุช,-1
2017-12-31 4:42:12,151966444824649_1767456176608993,"c de la pure arnaque .. shems fm .. ne donne meme pas un dinar 
hhh pauvres tunisiens . debiles",-1
2017-12-31 4:12:49,151966444824649_1767437426610868,Khasara j'รฉcoute  bien shems fm  mais  hasitkom   khidba,-1
2018-01-02 9:14:41,151966444824649_1767437426610868,L arnaque Shems mouch dar shems saha likom fama barcha mhabla tab3oukom,-1
2017-12-29 6:07:04,151966444824649_1764346020253342,Shems fm fi azma malya 5ater kathret messer9a bel sms hhhhh,-1
2017-09-28 4:32:32,151966444824649_1661864933834785,essna mgayna shems fm,-1
2017-06-15 10:41:11,151966444824649_1549186128436000,Shems fm ุฃุฎุทุงุฆูู ูุซุฑุช ูููุงูููู ุนูุงู ูุชุถุนู ูุฏุงู ุงูุฑุฃู ุงูุนุงู ูุตูุญุฉ ูู ูุณุชูุน ููู ุฏุนูู ูู ุญูุงูุงุช ุณุงูู ุงูููุฑู ููุฑุงูุบุงุชู ุงููุฐุฑุฉ ุฎุงุทุฑ ุดุชุฎุณุฑูุง ูููุชูู ุงูุฅุนูุงููุฉ,-1
2017-06-17 17:02:21,151966444824649_1549186128436000,Y'a shems  fm  5alik  mou7aeda. Allah larabe7ek y'a sami. Barket  ramdan,-1
2017-06-11 10:37:37,151966444824649_1546513622036584,ุงูุนูุจ ูู shems fm ุชุนููููู ูู ุฅุดูุงุฑ ูุง ุฅุนูุงู ุงูููุงุจ,-1
2017-06-11 13:11:05,151966444824649_1546513622036584,Tfih alikom w ala shems FM eli wasletelkom soutkom,-1
2017-03-09 13:56:23,151966444824649_1443520335669247,ุดูุณ ุงูุงููุงู .ูุงู ุงููุฐุจ ู ุงูุชูููู,-1
2018-01-02 16:49:19,151966444824649_1770419139646030,ูุฐุง ููุถูุน ูุง ุดูุณ ุุฒุทูุฉ ุุุุ ููุง ูุณุชูู ุงุนูุงูู ุุงุญุชุฑู ุงูุณูุฏุฉ ุงูู ุชูุฏู ุงูุจุฑูุงูุฌุูุงุญุชุฑู ุงููุณุชูุน ูุง ุงุฎู ุถุงูุช ุนููู ุงูููุงุถูุนุุุุ,-1
2018-01-02 11:46:57,151966444824649_1769964193024858,ุดูุณ fm ููุงูู ูุฐุจุง ูุชุฑููุฌ ุฏูุงุก ูุงุณุฏ ู ุตููุชูู ุงููุนููุฉ ุจุงุชุช ููุดููุฉ ููุฌููุน,-1
2018-01-02 4:04:41,151966444824649_1769801109707833,"ุฒูุฏูุง ุนูู ุงูุทูู ุจูุฉ ูุงูุฒูุด ูุตุฏุฑูุง ูู ูุฑูุงุจ ุฒูุฏ ูููููุง ููู .
ุจุงูู ูุฐู ุงุฎุจุงุฑ ุจุด ุชุฒูุฏ ุชุนุฒู ุชููุณ ูุงุฎุจุงุฑ ููู ูุฐู ุชุนุทู ุญุฑูุฉ ุงู ุงูุชุตุงุฏ  ุจุฑุจู ุดููู ูุง ุงูููุฌูุฑุฉ ูุฐู ุุุ ุงููู ุงุตุจุญูุง ูุญููููู ูููููููู ุจุฑุจู ูุงู ุงูุฒูุงุฏุฉ ูู ูุณุนุงุฑ ูุฑูุงู ุููุง ุชุบุทูุง ูู ุนูู ุงูุดูุณ ุจุบุฑุจุงู ุฑุฎุตุชููุง ูุง ุจูฺคูุจ ุงูุดุนุจ ุงูุชููุณู ุงุตุจุญูุง ุญุดุฑุงุช ูู ุฌุฑุชูู",-1
2018-01-01 16:32:01,151966444824649_1769337036420907,ุฃู ุดุงุก ุชูููููู ุนุจุฑู ูุง ุฌูุงุนุฉ ุดูุณ ุงููุงู,-1
2018-01-01 12:43:57,151966444824649_1769233139764630,ุดูุณ ุงูุฏุนุงุฑุฉ,-1
2018-01-01 14:40:22,151966444824649_1769233139764630,ุงููุงู ุดูุณ ุงุฒูุงู ูุนุทููู ุจูุช ุงูุจุฑฺจ ูุง ุนูุฑุฉ ุงูุงุนูุงู ูู ุฑุงุณ ุงูุนุงู,-1
2018-01-02 2:25:14,151966444824649_1769233139764630,"ุดูุณ ุงููุงู 
ููุฉ ุงูุชุฑุจูุฉ ู ุงูุจูุงูุฉ 
ูุน ุงูููุฑ ูู ุงุณุชูุตุงุก ุงููุนูููุฉ ูุฎููู ุขุฏููู ุงูุตูุญุฉ ูุฐู ูู ุงููููุงู",-1
2018-01-01 12:18:56,151966444824649_1769030086451602,ูููููููู ูุชุญูููููููููููู ุงูุฏุงุฑ ูุงูุช ุชุฎุฑุฌ ูู ุงูุตูู ุชูุฉ ููุงุฑ 31 ููุง ููุง ุดูุฆ ูุงูุดุงุก ุงููู ููุงุฑ 52 ููุง ุชุฑุงููุงุด  ุดูุณ ุงููุงู ุชุนูุณูู ูู ุงูุงุญูุงู,-1
2017-12-31 18:35:05,151966444824649_1768332623188015,ูููู ุงูุฏุงุฑ ูุญููุชู ุนูููุง . ุช ุดูุณ ุงูู ูุงูููุง ุงูููุฑ ุจุงุด ุชุฑุจุญ ุงูุฏุงุฑ . ุฑุจุญุช ูููุณ ุนูู ุธููุฑ ุงููุงุณ . ููุณุงูุด ุงุญุณุจููุง ุตุฏูุฉ ุนูู ุงุฐุงุนุฉ ูุงูููุง ุงูููุฑ,-1
2017-12-31 19:10:47,151966444824649_1768167376537873,ูููู ููู ุดูุณ ูููููู ุชุนูุดูู ูู ููู ุงูุตููุน,-1
2018-01-01 5:47:49,151966444824649_1768167376537873,ููุฏ ูุงุทุน ุงูุนุฑุจ ู ุงููุณูููู ูุฐุง ุงูุณุฎู ุงู ุงูุชูุฌูู ููุฐ 1000 ุณูุฉ ู ุงุณุณูุง ุนูู ุงูููู ู ุงูุขู ุดูุณ ุงู ุงู ุชุงุชู ุจูุงุคูุงุก ุซู ูุชุญุฏุซูู ุนู ุงูุชูุฏู ู ุงูุญุฏุงุซุฉ,-1
2018-01-01 6:07:25,151966444824649_1768167376537873,ุดูุณ ุฃู ุงู  ูุงูุฅุนูุงู ุงูุชููุณู ูุงูู...ูุชุฃูุฏูู ุงููู ุงูุชููุง ูุงุฑูู ููุซูููู ๐๐๐ ูุงููุด ูุงุนูู ูุฏุงุด  ูุงุนุฏูู ุชูุณุฏูุง ูู ุงูุจูุงุฏ,-1
2017-12-31 12:02:41,151966444824649_1767929749894969,ูุชููููู ุนุงูุนุจุงุฏ ุจุนุฏ SMS ุชููู ูููุง ุณุคุงูุงุช ููุตุนุจู ูููุงุูุงููู ุงูุนูุจ ูู ุงููุงุณ ุงููู ูุตุฏูู ูููู ูุทุงูุนูู ูู ุฏุงุฑุุงูุฑุฒู ูุฌูุจู ุฑุจู ูุฌูุฏู ูุนููู ุงูุญูุงู ููุด ุดูุณ,-1
2017-12-31 14:08:01,151966444824649_1768020959885848,ุดูุณ fm ุฃูุง ูููููุง ูุณูุฎูู ููุฐุจูู ุญุชู ุชุงุชูุง ููุง ุจุดูุฎ ุงูุฏุฌุงููู ุงููุงุณู ุญุชู ูุชูุจุฃ ุจูุณุชูุจู ุฃูุฉ ูุง ูุนุฑู ูุณุชูุจููุง ููุตูุฑูุง ุฅูุง ุงููู,-1
2017-12-31 12:58:35,151966444824649_1767973503223927,"ุดูุณ ุง.ู.ู ุฌุจุชู ูุงุญุฏ ูุฎุฑูู 
ูููู ุงุทูุน ุนูู ุงูุบูุจ ุงู ูู ูุชุงุจ ุงูููุงุฏูุฑ ุงู ุงุฑุณูู ุดูุทุงู ููุญุฏุซ ุงููุงุณ ุนู ุงูุบูุจ ููู ูุง ูุนูู ุญุชู ููู ููุงุชู . 
ุฏูุงุนุด ูู ููุน ุงุฎุฑ ุฌูู ูุตูุจุฉ 
ู ูุงุด ูุงู ุฑุจู ูุณูู ู ุงู ุดุงุก ุงููู ููู ุงูุณูุฏ ูุฐุง ุนูุฏู ูู ุดูุฆ . 
ูุงุตููุง ูุฑูู ุดูุณ ุง.ู.ู  ูุฐุง ูู ูุณุชูู ุฑุงุณ ุนุงููู",-1
2017-12-31 10:45:36,151966444824649_1767437426610868,"ูุงุงุงุงุงุงุงุงุงุขุณุฑ ูุชุญูููููู ูุง ุดูุณ ุงู ุงู
 ุญุฑุงู ุนูููู",-1
2018-01-01 5:58:28,151966444824649_1767437426610868,ุดูุณ ุชุญุฑููู ููุง ุชุฑุจุญูู ููุดุงููู ุชุชุดูู ููุง ุงูุดูุณ,-1
2018-01-01 7:43:06,151966444824649_1767437426610868,SORRE9  3AM  KEMEL  WENTOUMA  TNB7OU  3A  SMS  TABARTOU  7A9  BALASS  KEMAL  YA  7LMILKOM  MIN  RABBI,-1
2017-12-30 15:55:40,151966444824649_1766989073322370,ูุณุงูุง ุชุฎุงู ุฑุจู..ุงูุญูููุฉ ุงููู ูุงุฎุงูุชุด ุฑุจู ...ูุดูุณ ุฃูู ูุฅุนูุงู ููุฌุงุฑู ุฅุนูุงู ุงููุชู,-1
2017-12-30 16:20:37,151966444824649_1766989073322370,ุงููู ููุนููู ูุง ุดูุณ ุงู ุงู,-1
2017-12-30 14:10:58,151966444824649_1766916676662943,ุญูุงูุฉ ุดูุณ ู ุงููุฑุทุจุงุช ูุทุนุง ุบูุฑ ุจุฑูุฆุฉ... ุฅุนูุงู ูุฑุชุฒู ู ูุนุฑูููู ุฅุฐุง ุฑูุฒุชู ูุน ุญุงุฌุฉ ูุนูู ููุง ุดููู ุดุฑูู ูุงูููุงุจ...,-1
2017-12-31 19:36:46,151966444824649_1768020959885848,Kol 3am lazem ijibouh f chaine wella radio ifallam a3lihom chweya,-1
2017-09-15 8:37:08,151966444824649_1648983558456256,wjouh elou7 hedhi t7el talfza tal9ahom t7el radio tasma7om !! chlayek,-1
2017-12-31 9:13:43,151966444824649_1767679866586624,"mala ta7ayol maw 9olo mel lowel eli fama 10 asa2laa walah 3iiib 3likom , ti mafama 7ad yjaweb 3lehom l10 asa2la fi d9i9aa walh 7ram 3likom",-1
2017-12-31 8:51:06,151966444824649_1767679866586624,#ูุชุญูููู,-1
2017-12-31 8:54:45,151966444824649_1767679866586624,ูุชุญูููู ุญุฑุงู ุนูููู,-1
2017-12-31 9:16:59,151966444824649_1767679866586624,Mala 7ala w fech 9am l as2la ki hia 9or3a dawla met7ayla,-1
2017-12-31 9:17:50,151966444824649_1767679866586624,Meskin rajel t7ayeltou 3lih,-1
2017-12-31 9:20:58,151966444824649_1767679866586624,T7ayol maw 9olooo mi lawiiil,-1
2017-12-31 10:52:41,151966444824649_1767679866586624,ูุชุญูููู ุงููู ูุง ุชุฑุจุญูู,-1
2017-12-31 11:30:46,151966444824649_1767679866586624,ูุง ุดุจุงุจ ูุง ุชุดุงุฑููุง ูุนูู ูู ูุฐุง ุงูุชุญูู ูู ูููููุง  ููุงู ุฃุณุฆูุฉ  ูุฐุง ููู ุชุญูู ุจุฅุณู ูุณุงุจูุฉ ูููุงู ุดูุฆูู ุณูุญุฏุซ ูู ุงูููุงูุฉ ูุฃูุง ุณูุฑุจุญูู ุดุฎุต ูุนุฑูููู ุงู ุณูุฃุฌููู ุงูุฅุนูุงู  ุนู ุงููุงุฆุฒ ูุฑุจุญ ุงูุซุฑ ุนุฏุฏ ูููู ูู ุงููุดุงุฑููู,-1
2017-12-31 11:31:25,151966444824649_1767679866586624,ูุง ูุดุงุฑู ุงุญุฏ ูุง ุดุจุงุจ ูุฐุง ุชุญูู,-1
2018-01-01 1:35:08,151966444824649_1767679866586624,ููููู ุงูุณูุฃู ููุง ูุฐุจ ูููุชููุง ูููุณูุง ูู ููู ูุณุงุฌุงุช ูุงุฑุบุฉ ูุฐุง ุชุญูู,-1
2018-01-01 8:12:51,151966444824649_1767679866586624,Allah la traba7hom met7aylin,-1
2018-01-01 9:09:12,151966444824649_1767679866586624,Walahi met7aylin traj3ou f SmS 3leh wentouma ferzin les Numรฉro zeyed adika tunis,-1
2017-12-31 9:15:13,151966444824649_1767662223255055,10 as2la 7ata nebgha moch chijawbek 3lehom alah yehlekom ya met7aylin la ou zid fi t9i9a . Mala bled ken esore9,-1
2017-12-31 7:54:24,151966444824649_1767383539949590,ูุงููููุงุช ุชุญุถุฑ ุญููุฉ ุนูุฏ ูููุงุฏ ุงููุณูุญ ูุฐุง ุฃุนูุงู ุงูุนุงุฑ,-1
2017-12-29 13:06:09,151966444824649_1765818043439473,ุดููู ูุฐุง ุงูุฒุนูู ูุง ุงูุงุนูุงู ุงูุนุงุฑ ุงูุชุงูู,-1
2017-12-18 13:26:25,151966444824649_1753975911290353,ุฃุนูุงู ุงูุนุงุฑ,-1
2017-06-14 18:19:42,151966444824649_1549577411730205,Trรจs mรฉdiocre .ama bil 3arbi n9oulou zbela w 9ilit hye w 3ar .bil 3mal nitfaraj ken fi jnoun il 9ayla w machfar .,-1
2017-06-14 18:53:13,151966444824649_1549577411730205,Trรจs mรฉdiocre 75% ุญุงุฌุฉ ุทุจูุนูุฉ ู ูุง ูุณุชุบุฑุจูุงุด,-1
2017-06-14 19:48:34,151966444824649_1549577411730205,Trรจs trรจs trรจs mรฉdiocre et sans objectifs,-1
2017-06-15 3:08:51,151966444824649_1549577411730205,trรจs mรฉdiocre et mรชme trop mรฉdiocre,-1
2017-06-15 17:35:40,151966444824649_1549577411730205,ูุง ุชุนุฌุจุด ุญุชู ุทุฑู,-1
2018-01-01 15:18:45,151966444824649_1769233139764630,Wil3arrafa mรจtnรจbitich bmostakbil blรจdna wiwlรจdna? Din hil faya enรจtna! I3lรจm il3ar !,-1
2017-06-11 12:50:01,151966444824649_1546513622036584,"4 klocharat , i3lam el 3ar ya7ki 3lihoum w mkaberha el 7kaya , w kif habtet 2alaf 3la 5ater pรฉtrole ma9alouch famma modhahra ... Tfouuuuh y'a kleb emarates",-1
2017-03-21 7:59:22,151966444824649_1456821024339178,Yiziw bla kedheb amaltou el 3ar  rahou ๐,-1
2018-01-01 3:02:41,151966444824649_1768673613153916,A3lem l3ar,-1
2017-12-30 16:46:38,151966444824649_1766989073322370,Hhhh 3mlto el3ar Walh !!!!,-1
2017-12-30 15:33:15,151966444824649_1766969339991010,Ya e3lem il 3ar matjiw ken e3lem el 3ar thabtou min ma3loumatkoum rahou cha3el tab3a il mo3tamdiyat ma7res rakoum 3miltou ri7ia,-1
2017-06-22 2:28:00,151966444824649_1558087520879194,Ya chams alah la ibwrkelkom fi hajiba neksin kenelmethlien asbah,-1
2017-06-19 2:32:09,151966444824649_1554749521212994,chams aflem tfouuuh,-1
2017-03-24 12:23:52,151966444824649_1460245613996719,Mamsatkom,-1
2017-03-24 12:23:52,151966444824649_1460245613996719,Mamsatkom,-1
2017-03-20 8:23:23,151966444824649_1455802164441064,Chams FM maskha ou tjib ken lekhmaj,-1
2018-01-01 14:39:27,151966444824649_1769263876428223,3ib alikom chams fm normalement trab7o l3bed nchofaha t7yel et n3ref fech nkoul deja sms 89 dekal barcha flous deja ki nkolou 1 janv nrabho dar donc seka et mouch ksais ch3ben,-1
2017-12-31 11:22:44,151966444824649_1767868329901111,Lรฉ yezzi bhamet cherni zid bhamet chams fm fi 2008 mazelet,-1
2017-09-21 6:16:04,151966444824649_1655258814495397,ุงุฎูุจ ุฑุงุฏูู,-1
2017-09-15 12:15:09,151966444824649_1648983558456256,ุงุญุชูุฑุชู ุงูุชููุฒุฉ ูุฒูุฏ ุนูุงููุง ุงูุฅุฐุงุนุฉ ุฎุงูููู ูุง ุชุณุชุนูุฑูููุง ุงุนูุงููุง .ูุงูุตุญุงูููู ุงููุชุฎุฑุฌูู ุฌุฏุฏ ุญููุชู ุนูููู ุจุงูุจุทุงูุฉ....,-1
2017-09-15 14:19:29,151966444824649_1648983558456256,ุฎูููููููููุช ูุงูุง ุญุงูุฉ  ูุฑูุชููุง ููู ุงูุฑุงุฏูู,-1
2017-09-15 16:39:52,151966444824649_1648983558456256,ููุณ ุงูุนุตุงุจุฉ ูู ูู ุงููููุงุช,-1
2017-09-15 17:37:20,151966444824649_1648983558456256,ุนุตุงุจุงุช ุงุนูุงู ุงูุฒุจุงูุฉ ู ุงููุฌุงุฑู ุงุนูุงู ุงูุชุถููู ู ุงููุฐุจ ู ุงููุงู ุงููุงุณุฏ ููุณ ุงูุงุดูุงู ุงูููุฑูุฉ ุชุชุฌูู ุจูู ุชููุฒุงุช ู ุงุฐุงุนุงุช ุงูุนูุฑ ุชุจุซ ุงูุณููู ู ุงูุถุบุงุฆู ู ุงูุงุญูุงุฏ ู ุชุฒุฑุน ุงููุชู ุชุจุง ููู,-1
2017-06-22 1:58:05,151966444824649_1558087520879194,ูุณุชูู ุดูุณ ุงู ุงู ูุซู ูุณุชูู ุถููู,-1
2017-06-22 3:42:09,151966444824649_1558087520879194,ุฎุณุงุฑุฉ ุณุงุนุฉ ูุญุจ ูุงุชููุงู ุดูุณ ูุฒูุชููู ุจุงุด ูุจุฏู ุงููุฑูููุณ ููุญุจุด ุงููุตุฎ ูุฐูู ุนุงูุตุจุงุญ  ุฎุงุชุฑ ุงูุตุจุงุญ ูุชุน ููุงุก ู ุตูุงุก ู ูุญุงุฌุงุช ุชุจุนุซ ุงูุฃูู ุชูููู ุชุฌูุจู ูุฐุง,-1
2017-06-19 10:30:24,151966444824649_1554749521212994,ูุง ุดูุณ ุงููุงู ุนูุงู ุชูุฑุถูุง ูููุง ุจุญูุงู ุงูุฒูุงุฑ ุญุชู ูุดุทุชูุง ููู ุจู ุนูู ููู ูุฑุงูุง ูุชููุฑ ุชููุณ ุณุจุนุฉ ูุงุฐู ุณูุงุฏุชู ููุงุช ูุงู ุงููุบุฉ ุงูุฎุดุจูุฉ ุฌูุจูุง ุงูุดุจุงุจ ุงููุชุงูู ูุงููุงุฌุญ ููุฒูููุง ูุงูุทุจุงุจููุฉ ูุงูุฒูุงุฑุฉ,-1
2017-06-14 7:57:27,151966444824649_1549167788437834,ุญูุฒุฉ ุงูุจูููู ุจุนุฏ ูุง ูุจุฑู ุงูููุฏูู ููููุตู ุงููุฑุฒููู ูุซุงู ููุงุนูุงูู ุงููุฒูู  ุงู ูู ุชุณุชุญ ูุงุฎุฏู ูู ุดูุณ ุงูู,-1
2017-06-11 11:50:04,151966444824649_1546513622036584,kleb,-1
2017-03-20 9:55:51,151966444824649_1455802164441064,Shems que j'ai effacรฉ de mon poste radio auto est dรฉsormais la voie de l'extrรฉmisme tunisien.,-1
2017-12-18 9:56:25,151966444824649_1753975911290353,Saybou l3alem lkol w saybou l7areb eli fel 3alem lkol w o93dou lahin b sif 3lik ya 23lem l3aaaaaaarrrrrrrrrrrrr,-1
2017-09-23 9:30:22,151966444824649_1657486770939268,Wallah masta lasta,-1
2017-06-11 10:40:09,151966444824649_1546513622036584,Chems. Fm. ุงูุงูุงุฑุงุชูุฉ ุงูุตูููููุฉ ูุงุฐุง ุชูุชุธุฑูู ูููุงุ ุงู ุชูุดุฑ ุงูุฃุฎูุงู ูุงูููู ูุงููุจุงุฏุฆ ุ ููููููู ูู ูุซู ุงููุฑุงุฏ ูุงูููู ููุชุงุชูู ูู ุงููุณุชููุนุงุช.,-1
2017-06-11 10:40:22,151966444824649_1546513622036584,ููุณ ููุงู ูุฑู ุจูููู ูุจูู ุงูุจูุงุกู...ูุชููุณ ุฏููุฉ ุงุณูุงููุฉ ูููุณ ูุงุกููุฉ ูุง ุฌูุงุนุฉ ุฌูุนูุฉ ุดูุณ..ุณููุงุก ูุงููู ุบูู ุนู ุตูุงููู ูุง ุงููุงุฏ**********,-1
2017-06-11 10:40:30,151966444824649_1546513622036584,Tfohhhhhhh alikme,-1
2017-06-11 10:40:31,151966444824649_1546513622036584,Ti 10 mines na3bouk wbouhom barra allah ya7ri9kom fal3wachir,-1
2017-06-11 10:40:37,151966444824649_1546513622036584,"ูุง ูุง ุณุงุฏุฉ !!!
ูุญู ูุฌุชูุน ุฅุณูุงูู ูุนูุฏูุง ููู ููุจุงุฏุฆ.. ูุญุฑูุฉ ุงูุถููุฑ ููุบุฉ ูุง ุชุนูููุงุด ูุงูุชู ุญุงูุงุช ุดุงุฐุฉ ูุง ุชูุซู ุงููุฌุชูุน ุงูุชููุณู",-1
2017-06-11 10:40:42,151966444824649_1546513622036584,Kamcha hmal la3nata allah 3lihom,-1
2017-06-11 10:40:57,151966444824649_1546513622036584,ุชูููููููููู ุนูููู,-1
2017-06-11 10:41:02,151966444824649_1546513622036584,ุงููู ูุฎูู ุฏูุงุฑูู,-1
2017-06-11 10:41:39,151966444824649_1546513622036584,"ูุนูุฉ ุงููู ุนูู ูุงููุฐุงุฑุฉ
ูู ุฌูุช ุงูุง ุฑุฆูุณ ูุงููู ููุนุฏููู ูุงูุญุดุฑุงุช",-1
2017-03-24 18:23:30,151966444824649_1460216037333010,Lmochkla ltawa schems fm mawesletch ltozer.,-1
2017-03-22 2:31:51,151966444824649_1457743224246958,ุงุณุชุธูููู ูููุง ููุงุฑุง ูู ููุฑ ูุง ุงุนูุงู ุงูุฒุจุงูุฉ,-1
2017-03-22 3:14:30,151966444824649_1457743224246958,ูุงู ูุนููู ูุญุณู ูุฒุฑูุจ ุนููู ุณูุงุณู ุงุณูุงูู ุฑุงูู ูุฏุจุชููู ุดุฑูู ููู ุงุนูุงู ุนุงุฑ ูุงุกุฌูุฑ. ูุนูุฉ ุงููู ุนูููู ูุงูู ุญุฑูุฉ ุงูุชุนุจูุฑ. ูุฐู ุญุฑูุฉ ุงููุฏู ูุงูุฎุฑุงุจ ูุง ุนุฏููู ุงููุฒุงูุฉ ูุงูุญูุงุฏ,-1
2017-03-22 1:17:51,151966444824649_1457734800914467,ุงูุฌู ูุง ุงุนูุงู ุงูุนุงุฑ,-1
2017-03-21 6:27:21,151966444824649_1456821024339178,ุงุนูุงู ูุณุงุฏุณุฏ ุงุดุจู ุชุตูุฑ ุนูุณ ุฑูุญ ุงุนูู ุฏูุฑู ุฎูููุง ูุดููู ูุจูุชู ููู,-1
2017-03-21 6:52:26,151966444824649_1456821024339178,ุงูุนูู ุชูุทุน ุนูุงู ุงููุฐุจ ูุง ุงุนูุงู ุงูุนุงุฑ,-1
2017-03-20 6:53:48,151966444824649_1455802164441064,ูุนููุชููู ูุฑูู ูุงู ุงูุชููุง ูุง ุงุนูุงู ุงููุฌุงุฑู,-1
2017-03-20 9:21:57,151966444824649_1455802164441064,ุงูุงุนูุงู ุบูุทู ูู ุฑูุญู ุจุฑุดุง,-1
2018-01-02 4:51:00,151966444824649_1769801109707833,ุงููุถู ูุฑุฌุน ููุงุนูุงู . ุงุนูุงู ุงููุคุฌูุฑ ุตูู ุงูุดุนุจ ุจุงูุฑูุงุจ,-1
2017-03-10 3:12:47,151966444824649_1445479342140013,ููุงูู ููุงูุง ููุณุงุฏุง ูู ุงูุงุฑุถ ูุงุงุนูุงู ุงูุนุงุฑ ูุงุตุญุงุจ ุงููููุฐ ูุงููุงู ุญุณุจูุง ุงููู ููุนู ุงููููู,-1
2017-03-09 3:07:31,151966444824649_1444275632260384,ุงูุณุชู ูุง ููุดุฉ ุงุนูุงู,-1
2017-03-08 10:48:33,151966444824649_1443520335669247,ูุฏุงูุดู ุชุงูููู ูุฑูุชูู ูู ุงูุจูุงุฏ ู ุงูุณูุงุณุฉ ุฃุฎุจุงุฑูู ุงูุฒุงุฆู ูุนูุฉ ุงููู ุนูููู ุงุนูุงู ุงูุนุงุฑ,-1
2017-03-08 11:10:08,151966444824649_1443520335669247,ูููู ููุง ุงุนูุงู ุจู ุฏูุฑูุง ูุง ูุณุชูุง ููุง ุงุฎูุงู ุงูู ูุฏูุน ููุง ุตุงุญุจูุง,-1
2018-01-01 9:57:47,151966444824649_1769030086451602,ูุงูู ููุชู ุฏุงุฑ ุชุชุฑุจุญ ููุงุฑ ุงูุงุญุฏ 31  ุฏูุณูุจุฑ ูุงู ูุงุชุฑุจุญุชุด ุงูุฏุงุฑ ูุงูุทุจูุนุฉ ุงูุชููุง ูุงุฐุงุจููู ุจุงุด ุชุฒูุฏู ุชุนุจูู ูุง ุณุฑุงู .ููุฑูุงูููู ุชุนููู ุชูุฑุงุฌ ุจุฑูุฉ ูุงูู ูุฎุฑุฌ ุงุณูู ูู ุงูู ูุฑุจุญ ุงูุฏุงุฑ ูุงุณุฑุงู ูู ุฌูุงู ูุงูุชููุฉ ุชุณุฑูู ูู ุฒูุงููุฉ ูุงุดูุณ ุงููุงู ูุจุฑูู ุนูููู ููุงุฏุฉ ุงูุงุฐุงุนุฉ ุงูุดูููุชูู  ุงุฐุงุนุฉ ุดูุณ ุงูููุซูููู,-1
2017-12-29 14:53:49,151966444824649_1765818043439473,ุชูุง ูุฐุง ุฎุจุฑ ูุณุชุญู ุจุด ุงุฐุงุนุฉ ูุงููุฉ ุชูุจุทู ููุตู ูุงูุง ููุงุฌุฑ ูุงุญูุง ุงุด ุฏุฎููุง,-1
2017-09-18 1:40:48,151966444824649_1651720394849239,ุดููุณ ุงูู ุงุนูุงู ุงููุฌุงุฑู ุงูุจูููุฉ,-1
2017-09-18 1:47:23,151966444824649_1651720394849239,ุฅุฐุงุนุฉ ุงุฒุจุงูุฉ ูู ูุตุญุงูููุง ูุงูุงูุจุงุด ูุงูุญุซุงูุฉ ูุงูุงูุฐุงู ูุงูุทุญุงูุฉ,-1
2017-09-21 12:01:19,151966444824649_1655555977799014,"Shems Fm... Cessez donc de jouer ces jeux bidons et abรชtissants et arrรชter de droguer les gens avec vos รฉmissions du hasard ร  la con... orientez-vous plutรดt vers tout ce qui aide ร faire valoir culture, art er savoir...",-1
2018-01-01 14:39:27,151966444824649_1769263876428223,3ib alikom chams fm normalement trab7o l3bed nchofaha t7yel et n3ref fech nkoul deja sms 89...... dekal barcha flous deja ki nkolou 1 janv nrabho dar donc seka et mouch ksais ch3ben,-1
2017-12-29 12:46:37,151966444824649_1765818043439473,ููุง ุฑููุท ูุฌูููููุง ูููุง,-1
2017-12-29 12:46:55,151966444824649_1765818043439473,ู ุงุญูุง ูุงููุง ....,-1
2017-12-29 12:48:39,151966444824649_1765818043439473,ne9sin fsedd !!,-1
2017-12-29 12:48:42,151966444824649_1765818043439473,Mala tafeha,-1
2017-12-29 12:49:11,151966444824649_1765818043439473,ูุง ุญูู ููุง ููุฉ ุฅูุง ุจุงููู  ููุงู ุงูุบูุจุฉ,-1
2017-12-29 12:49:51,151966444824649_1765818043439473,ูุงููู ูุง ูููุช ูุง ูุนูู ุณูู ุจูุง ุญูู ููุง ููุฉ ุงูุง ุจุงููู,-1
2017-12-29 12:50:09,151966444824649_1765818043439473,ูุงููู ุดูุก ููุฒุฒ. ุชูุฉ ูุฐุง ูุงุด ูุงูููู .,-1
2017-12-29 12:50:47,151966444824649_1765818043439473,chouf aka el hadra,-1
2017-12-29 12:51:13,151966444824649_1765818043439473,ูุฒู ุจูุง ุชูุงูุฉ ูุง ุดูุณ ู ุง ู ุฃุฑุฏูุบุงู ูุงุนููุชููุด ููุง,-1
2017-12-29 13:13:57,151966444824649_1765818043439473,ููุง ูุถุงูุญ,-1
2017-12-29 13:15:17,151966444824649_1765818043439473,ุณุนุฏ ุงูุตุบูุฑ !!! ููุง ุฎุจุฑ ุ ุดูุณ ูุฐูู ููุด  ุงู ุงู ุุ ุงุดุจูู ุฌุงูู ูุญูุฏ ุนุจุฏ ุงูููุงุจ .,-1
2017-12-29 13:15:49,151966444824649_1765818043439473,ุชู ูุฐุง. ูฑุด. ูุงูุตููุ,-1
2017-12-29 13:17:01,151966444824649_1765818043439473,ุฏุฑุชูุงูุนุงุฑ,-1
2017-12-29 15:10:18,151966444824649_1765818043439473,ุดูุณ ุฃู ู ุงููุนูู ุงูุญูููู ูุฅุนูุงู ุงูุฑุฏุงุกุฉ ูุงูุจุฐุงุกุฉ ูุงููุฌุงุฑู..,-1
2017-12-28 2:59:58,151966444824649_1764311386923472,ุญูุฏู  ุฎุทุงุจูู ูุง ุดูุณ  ุงู ุงู ูุงุญุชุฑูู  ูุณุชูุนููู  ูู ุฌููุน   ุงูุงุทูุงู,-1
2017-12-19 4:00:17,151966444824649_1754767471211197,ูุดูุณ ุงุฒูุงู ุดููุฉ ุงูุฑุณุงูุฉ ุงูู ุชุญุจู ุชูุตูููุงููุง ุงูุณูุฏ ูุงุฐุง ุจุงุด ูููู ุงููุงุฆุฏ ุงููููู ุงูุจูุงุฏ ุบุงุฑูุฉ ูุงูุญุงุณุฉ ููู ููุง ูุฑุงุณ ุงูุนุงู ูุดููู ุงููุชุงุฆุฌ ููู ุงุฎุฑ ูููุฑู ุชุจู ุจู ูุดุฏู ูููู,-1
2017-12-19 19:07:56,151966444824649_1754767471211197,ููุงู ู ุชุฑูุฏูู,-1
2017-12-18 14:31:13,151966444824649_1754263577928253,ุชูุฐุจู ุนูููุง ู ุชูููู .ูุนูุฉ ุงููู ุนุงููู ูุง ูุณูุง,-1
2017-12-18 9:52:32,151966444824649_1753994327955178,ุงุดุฏุฎููู ุงูุชู ุดูุณ ุงูู ุงูุชู ุฅุนูุงู ูุฌุงุฑู ูุงุนูุงู ุงูุชุฑุฌู ุงุด ุฏุฎููู ูู ุงููุฌู ุงูุณุงุญูู,-1
2017-09-30 7:03:57,151966444824649_1663931480294797,ุบุฑูุจุฉ ูุงูุดูููุง ูุงู ุดูุณ ุฃู ุฃู ูุงู ุงูุฑูุงู ูุงููุณุงุฏ ุงูู ุฎูููู ุฑุจู ุงููู ูุญุงูุฑู ูููู  ููุง,-1
2017-09-22 2:42:31,151966444824649_1656141691073776,ุจุฑูุงู ุจุณูุณ ุงุตุจุญ ุถูู ูุงุฑ ูู ุดูุณ ุงูู . ุงูุจุทุงุญ ูุจูุฑ ูู ูุฐู ุงูุงุฐุงุนุฉ ูู ุฎุฏูุฉ ุงููุธุงู ู ุชูุฌูู ุงูุฑุงู ุงูุนุงู .,-1
2017-09-22 4:57:00,151966444824649_1656121611075784,ููู ุดูุณ ูู ุงูุงุฐุงุนุฉ ุงูุงูุซุฑ ุญูุงุฏูุฉ ูููู ุฌุงุชูุง ุงูุญูุงุฏูุฉ ููููุง ุญูุฒุฉ ูุชุงุน ุงููุจุฑูุฉ ููู ุงูุจูู ุงูุงุฏููููุฌู ูุฎุชุงุฑ ุงูุฎููุงูู ุงูู ุนุงุตุจุงุญ ูุงุฑุจุงุญ ูุจุฏุง ูู ุงูุชุฒููู ูููุจุงู ุงูุญูุงุกู,-1
2017-09-22 0:00:37,151966444824649_1655839447770667,ููุง ููุงุถูุน ุงุชูู ูู ูุฐุง. ุนูุงุด ูุง ุชุชุฌูุฏูููุงุด ุจูููู. ุชุญููุง ุนูู ุญุงูุฉ ูุงุฏุฑุฉ ูุฃุต๏ปป ูุฐุจุฉ. ุงุฑุฌุนูุง ููููุจ ูู ุฌุญูู ูุชุงุน ุนุงู 80 . ูุงููู ุดูุณ ุขู ุขู ูุงูุณุฉ ููู ููู ุชุฒูุฏ ุนูุฏุฉ. ูู ุจูุบ๏ปปุจ ูุงูุช ูุงุดู. ููู,-1
2017-09-20 13:45:17,151966444824649_1654512007903411,ูุนูุฉ ุงููู ุนูููู,-1
2017-09-21 1:18:19,151966444824649_1654512007903411,ุงุฎููููููููููููุช,-1
2017-09-21 14:59:59,151966444824649_1654512007903411,ูุง ุฎุณุงุฑุชู ูุง ุดูุณ  ุงู ุงู.. ุดููุชููุง ุงูุจูุงุฏ.,-1
2017-09-20 6:24:25,151966444824649_1654102187944393,ูุจุฑุจู ุฑูุฒูููุง ุนูู ูุถุงูุง ุงูุจูุงุงุงุงุงุฏ ุงููุจูุฑุฉ ู ุณูุจููุง ูู ุงูุญูุงูุงุช ุงููุงุฑุบุฉ ููุงุชุนุทููุงุด ุงูุซุฑ ูู ุญุฌููุง ุูุงุชุบุทููุด ุนูู ุงูุดูุณ ุจุงูุบุฑุจุงู ุููุฉ ูุถุงูุง ุงููููู ูุงุชุบุทูุด ุญุงุฌุฉ ุจุญุงุฌุฉ ูุด ูุฏูุง,-1
2017-09-19 9:09:18,151966444824649_1653145654706713,ุงุฏุงูู ุงููู ุนุงุฑุง ุนูู ุงูุงุนูุงู ูุง ุดูุณ ุงู ุงู,-1
2017-09-30 7:03:57,151966444824649_1663931480294797,ุบุฑูุจุฉ ูุงูุดูููุง ูุงู ุดูุณ ุฃู ุฃู ูุงู ุงูุฑูุงู ูุงููุณุงุฏ ุงูู ุฎูููู ุฑุจู ุงููู ูุญุงูุฑู ูููู  ููุง,-1
2017-09-22 2:42:31,151966444824649_1656141691073776,ุจุฑูุงู ุจุณูุณ ุงุตุจุญ ุถูู ูุงุฑ ูู ุดูุณ ุงูู . ุงูุจุทุงุญ ูุจูุฑ ูู ูุฐู ุงูุงุฐุงุนุฉ ูู ุฎุฏูุฉ ุงููุธุงู ู ุชูุฌูู ุงูุฑุงู ุงูุนุงู .,-1
2017-09-22 4:57:00,151966444824649_1656121611075784,ููู ุดูุณ ูู ุงูุงุฐุงุนุฉ ุงูุงูุซุฑ ุญูุงุฏูุฉ ูููู ุฌุงุชูุง ุงูุญูุงุฏูุฉ ููููุง ุญูุฒุฉ ูุชุงุน ุงููุจุฑูุฉ ููู ุงูุจูู ุงูุงุฏููููุฌู ูุฎุชุงุฑ ุงูุฎููุงูู ุงูู ุนุงุตุจุงุญ ูุงุฑุจุงุญ ูุจุฏุง ูู ุงูุชุฒููู ูููุจุงู ุงูุญูุงุกู,-1
2017-09-22 0:00:37,151966444824649_1655839447770667,ููุง ููุงุถูุน ุงุชูู ูู ูุฐุง. ุนูุงุด ูุง ุชุชุฌูุฏูููุงุด ุจูููู. ุชุญููุง ุนูู ุญุงูุฉ ูุงุฏุฑุฉ ูุฃุต๏ปป ูุฐุจุฉ. ุงุฑุฌุนูุง ููููุจ ูู ุฌุญูู ูุชุงุน ุนุงู 80 . ูุงููู ุดูุณ ุขู ุขู ูุงูุณุฉ ููู ููู ุชุฒูุฏ ุนูุฏุฉ. ูู ุจูุบ๏ปปุจ ูุงูุช ูุงุดู. ููู,-1
2017-09-20 13:45:17,151966444824649_1654512007903411,ูุนูุฉ ุงููู ุนูููู,-1
2017-09-21 1:18:19,151966444824649_1654512007903411,ุงุฎููููููููููููุช,-1
2017-09-21 14:59:59,151966444824649_1654512007903411,ูุง ุฎุณุงุฑุชู ูุง ุดูุณ  ุงู ุงู.. ุดููุชููุง ุงูุจูุงุฏ.,-1
2017-09-20 6:24:25,151966444824649_1654102187944393,ูุจุฑุจู ุฑูุฒูููุง ุนูู ูุถุงูุง ุงูุจูุงุงุงุงุงุฏ ุงููุจูุฑุฉ ู ุณูุจููุง ูู ุงูุญูุงูุงุช ุงููุงุฑุบุฉ ููุงุชุนุทููุงุด ุงูุซุฑ ูู ุญุฌููุง ุูุงุชุบุทููุด ุนูู ุงูุดูุณ ุจุงูุบุฑุจุงู ุููุฉ ูุถุงูุง ุงููููู ูุงุชุบุทูุด ุญุงุฌุฉ ุจุญุงุฌุฉ ูุด ูุฏูุง,-1
2017-09-19 9:09:18,151966444824649_1653145654706713,ุงุฏุงูู ุงููู ุนุงุฑุง ุนูู ุงูุงุนูุงู ูุง ุดูุณ ุงู ุงู,-1
2017-06-11 12:14:14,151966444824649_1546513622036584,ููุง ุดูุงูู,-1
2017-06-11 12:18:08,151966444824649_1546513622036584,ุงูุฅุฐุงุนุฉ ุฅุฐุงุนุฉ ุดูุณ ูุฌูุงุนุฉ ุฒุงุฏุฉ ูุชุน ุดูุณ ุงูููู ูุง ุชุฑุจุญูู ุนููุช ุงูุนุงุฑ ุจู ูุณูุณูุงุช ู ุฅุฐุงุนุงุช ู ุงูุนุงุฑ ูุชุงุนูู,-1
2017-06-11 16:31:51,151966444824649_1546513622036584,ุจุฑุจู ููุด ุงุณุชูุฒุงุฒ ูู ุจุนุถ ูุณุงุกู ุงูุงุกุนูุงู ุงูุฏููุกุฉ ูุงููุณุฎุฉ ุงูุซุงู ูุคููุงุก ุงููุญุชุฌูู ุงูู ููู ุชุญูู ุนูููู ูุชุบุทู ุงููุถุงูุฑุฉ ูุชุงุนูู ู ูููู ุชุญู ุงูุจุงุจ ููู ูุงูู ุบูุฑ ููุทูู ูุบูุฑ ุงุฎูุงูู ุงู ูููู ุจูุถุงูุฑุฉ ูู ุดุชู ุงูููุงุถูุน ูุฎุงุตุฉ ุงููุณุชูุฒุฉ ูููุง ููุดุงุนุฑ ููุนุชูุฏุงุช ูุงุฎูุงู ุงูุงุกุบูุจูุฉ ููุฐุง ูุง ุดูุณ ููู ุงูุงุกุฐุงุนุงุช ูุงูุตุญู ุงูู ุชุญูู ุนู ูุคููุงุก ูุง ุงุถู ูููู ุญุณู ุงูููุฉ ูููู ูุฏุฑูุณ ูุชููุณู ูู ุฑุฏุฉ ุงููุนู ุงูุดุนุจูุฉ ูุจุดุฑูู ุงูู ูุงูุฎุฒุนุจูุงุช ููููุง ูุงููุด ุจุงุด ุชููู ุงููุฌุชูุน ุงูุชููุณู ููู ูุตูู ุฑุจู ููุจู ุนููู ููู ููุทุฑ ูุง ูููุง ุจุงุณ ูุงู ูุณุชุฑ ูุงูุญูุงุฉ ุชุณุชูุฑ ูุฑุจู ูุญุงุณุจ ุงููุงุณ ุงููู ....,-1
2017-06-08 2:28:36,151966444824649_1542800669074546,ุงุนูุงู ุงูุฎูุงุฒูุฑ ุงููุชู ูู ุตู ุงูุฎูุงุฒูุฑ ุจูู ุตูููู,-1
2017-06-08 2:44:31,151966444824649_1542800669074546,ูุงูุนุงุฏุฉ ุดูุณ ุจูู ููุทุงุน ุงูุทุฑู ูุงููุณุฏุฉ ููุนุงุฏู ุชููุณ ูุซูุฑุชูุง....,-1
2017-03-20 6:38:05,151966444824649_1455802164441064,ุชูู ุนููู ูุนูู ุงุณุชูุฏูู ุดูุณ ุงูู ุฌุงุจู ูุง ุนููู ูุง ููุจ,-1
2017-03-20 6:49:58,151966444824649_1455802164441064,ูุง ุญููุด ูุดูุช ุงูู ุดูุณ ุงููุงู ูุง ุนูุฏูุงุด ูุตุฏุงููุฉ ู ูุณูุณุฉ ู ุฎุฏูุชูู ุจูุนุงู ุงููุงุฑููุฉ,-1
2017-03-20 7:20:47,151966444824649_1455802164441064,ุนูุจ ุนูููู ูุงุดูุณ ุงูู ุชุฌูุจู ููู ู ุชุนุทููู ูุฑุตุฉ ุจุงุด ูุชููู,-1
2017-03-20 7:44:59,151966444824649_1455802164441064,ูุงุดูุณ ุงู ู ุจุฌุงู ุฑุจู ููููุชู ูุงู ูุฐุง ุชุญุงูุฑู ููู ุดููู ุญุงุฌุฉ ุงุฎุฑู ุชููุฏ ุงูุจูุงุฏ ููุด ุญุงุฌุฉ ุชูุณุฎ ุงูุจูุงุฏ ูุฒูุฏ ุชูุจุฑููู ูู ุฑุงุณู ุญุชู ุงููู ุฌุนุจูู,-1
2017-03-20 8:00:49,151966444824649_1455802164441064,ุงูุนูุจ ููู ูุง ุดูุณ. ุงูู ุชุนุทู ูุฑุตุฉ ููุงุญุฏ ูููู ูุญูู ู ูุชุญุฏู ูู ุงููุงุณ ุงููู,-1
2017-03-20 10:40:26,151966444824649_1455802164441064,ูุง ุงูููุชุด ูุง ุชุญุงูุฑ ูุงู ุงูููุจ ูุฐุง,-1
2017-03-20 10:42:20,151966444824649_1455802164441064,ุนูุจ ุนููู ูุง ุดูุณ ูุฐุง ุชุนุฏููู,-1
2018-01-02 12:42:18,151966444824649_1770213349666609,ูุงุณุทุฉ ูุงุณุทุฉ,-1
2018-01-02 17:36:42,151966444824649_1769784423042835,ูุง ุซูุงุด ุตุญูู ูุงุณุท ูุฏ ูุง ุงููุฎููู,-1
2017-06-24 13:32:00,151966444824649_1560651183956161,ุชูุซูููุฉ ูุงุณุทุฉ ุงุณูุงุฏูู ูุงููููู ุนูุฏ ุบุฏูุฉ ุชุดูู ููุง ูุง ุชุดูู,-1
2018-01-01 15:18:45,151966444824649_1769233139764630,Wil3arrafa mรจtnรจbitich bmostakbil blรจdna wiwlรจdna? Din hil faya enรจtna! I3lรจm il3ar !,-1
2018-01-01 2:18:19,151966444824649_1768673613153916,Medama i3lem elma5our mawjoud touns mechia le elhawia,-1
2017-12-30 19:22:01,151966444824649_1767015833319694,Chems aflรฉm yzzikom milkthb eli tlemou fih mil i3lem lwahaby mta3 selmรจn.!!,-1
2017-09-15 9:05:36,151966444824649_1648983558456256,KLB F I3lem el3ar,-1
2017-06-11 11:09:14,151966444824649_1546513622036584,Ma5ybkom w ma5yeb i3lemkom tfooohh 3la rhout ili mate7chmch,-1
2017-06-06 2:10:27,151966444824649_1540476402640306,Hamma ....kol  ma  tzid  todhhor  fil  i3lem  kolma nzidou  nekrhouk . 4 klimet  dima  t3awed  fihom ..ouffffffffffffff......,-1
2017-03-20 7:52:08,151966444824649_1455802164441064,ech yesskhayel rouhou el 3ib mouch fih el 3ib  feli3lem khalih ymout b9albou,-1
2017-09-15 13:50:27,151966444824649_1649132488441363,ุงูู ูุตุจุญ ุนููู ูุจุฒุน ูููุชู  ูุนุงุฏุด ุจุด ูุณูุนูุง ุดูุณ ููู ุจุด ุชููู ูููุง ูุงุณ ูููู,-1
2017-09-15 14:23:13,151966444824649_1649132488441363,"ุชู ูุญููู ูุณูุนู ุฌููุฑุฉ ุงู.ู...
ูุงูุตูู ุงุญูุง ุนูู ุงูุตุจุงุญ ููุฒูุฏ ูุณูุนู ุจูุบูุงุจ...ููุดูู ูุนุงุจุฑู",-1
2017-09-17 15:27:19,151966444824649_1649104128444199,ูุฑูู ูููู ุจูููุฉ ุงูู ูุง ููุงู ูููุง ุงููุง ูุฐุฑุฉ,-1
2017-09-15 8:33:55,151966444824649_1648983558456256,ุงูููุงุจ ุชููุฏุช,-1
2017-09-15 8:34:10,151966444824649_1648983558456256,ูุงูุช ุชุดุฎุฑ ุฒุงุฏุช ุจูููู,-1
2017-09-15 8:34:38,151966444824649_1648983558456256,ูุซุฑุช ุงูููุงุจ ูุงูุดููุณููู,-1
2017-09-15 8:35:03,151966444824649_1648983558456256,tfouuuuuh 3la ha achkaaaal ............ a79ar ma jabet zounes,-1
2017-09-15 8:36:44,151966444824649_1648983558456256,ุงุชููุช ุงูููุงุจ ู ุฌุงุช ูู ูู ุฒุฑูุจุฉ,-1
2017-09-15 8:37:08,151966444824649_1648983558456256,wjouh elou7 hedhi t7el talfza tal9ahom t7el radio tasma7om !! chlayek,-1
2017-09-15 8:38:46,151966444824649_1648983558456256,ุฑุจุญุชู ุจุฑุดุฉ ุจููุฉ ุนูู ูุฌูููู ุงูุญุฑูุฉ ูุฑูุชููุง ูู ุงุฑูุงุญูุง ..ูุง ููุชูุด ุนูู ุฑูุงุญูู ููุงุฑ ูู ูุงุฏูู ูุฌูููู ุชุณูุจู ูู ุงูุฑุฏุงุกุฉ ู ุงููุงุจุฉ ู ููุฉ ุงููุนุฑูู,-1
2017-09-15 8:39:28,151966444824649_1648983558456256,ne9sin naf5an yzid ymed wejhou mesbe7,-1
2017-09-15 8:42:49,151966444824649_1648983558456256,ูููููู ูุงูุตุฉ ุจู ุบูุงุจ ูุชุงุน ุงููุฐุจ ูุงูุชุฌูุน ุจูุงุฏ ูููุง ูุงู ุงูููุจ ูุฎูู,-1
2017-09-15 8:45:06,151966444824649_1648983558456256,meskin elli yelbes kit bech yesma3 el radio,-1
2017-09-15 8:52:31,151966444824649_1648983558456256,Tfoouuuuuh,-1
2017-09-15 9:04:23,151966444824649_1648983558456256,ูุงุด ุจุฑุจู ูุงููุงุณุท,-1
2017-09-15 9:06:15,151966444824649_1648983558456256,mal l9itou ma tjibou we7ed la7ass l asyedou,-1
2017-12-31 11:15:07,151966444824649_1767868329901111,"ููุงู ุฑุงุดู  ูุฎุงูุฎ ูุงููุฐูุนุฉ ุนุงุฏ  ููู ุนูููุง ูู ุนูุฏ ุงูุญุฑุจ ุุุุ ูุงุฎู ุงููุงุณ ููููุง ูุงู ุงููุถุน 
ุน ุงูุงูุชุตุงุฏู  ูุงูุช ุจุฏูุช ูู ุงูู ุงูุณูุฉ ุชููุญ ูุชุดูู  ุดููุง ุงูุฌุฏูุฏ ุฌุจุชู ูุฅูุง ุชุฌุงูู ูู ุงููุฐูุนุฉ ูุจุฑุง",-1
2017-03-20 6:57:52,151966444824649_1455802164441064,ูุฐูุน  ู ุงุนูุงู ุจููู ุชูุง ุงูุชูุงูุฐุฉ ู ุงูุงูููุงุก ูู ูุตูุญุชูู ููุฑุงู ู ุงุณุชุงุฐูู ููุงู ุุ ุดุนุจ ูุบูู ูุงู ุดูู ูุดููุชูุง ุุุ ูุดููุชู ูุดููุช ูุจุงุฏุฆ ู ููู ู ุงุณุชุงุฐู ูุงุนุฏ ูุชูุงู ุดูู ุจูู ูู ูุฑุงูุฉ ุงูุฏููุฉ ู ุงูุณูุทุฉ ู ุงูุดุนุจ ู ุงูุชูุงูุฐุฉ ู ุงูุงูููุงุก ูู ูุชูุงู ูุนููููู ู ุงุณุงุชุฐุชูู,-1
2017-12-31 1:12:24,151966444824649_1767015833319694,yeziw bla kedhb bellehi fel7in ken fil fetna,-1
2017-12-30 15:49:23,151966444824649_1766989073322370,ุดูุณ ุงููุงู,-1
2017-12-31 4:42:12,151966444824649_1767456176608993,"c de la pure arnaque .. shems fm .. ne donne meme pas un dinar 
hhh pauvres tunisiens . debiles",-1
2017-12-31 12:29:17,151966444824649_1767456176608993,Lekhi mazzelou 3bed dรฉbiles ร ce point? Ti ki 9adder 3likom rabbi w tam3ine fi dwira (w ya dhnoubi) Au moins ab3thou des sms pas des commentaires sur fcb. Za3ma i7ebb yerba7 dar ballouchi ร 100%,-1
2017-12-31 4:12:49,151966444824649_1767437426610868,Khasara j'รฉcoute  bien shems fm  mais  hasitkom   khidba,-1
2017-12-30 18:38:06,151966444824649_1766696483351629,Hadi mra manzousa hiya ou chams fm  eli testad3i faha,-1
2017-12-27 5:48:33,151966444824649_1763432433678034,Shemes fm 9adechkom.tefhin,-1
2017-09-28 4:32:32,151966444824649_1661864933834785,essna mgayna shems fm,-1
2017-12-31 4:12:49,151966444824649_1767437426610868,Khasara j'รฉcoute  bien shems fm  mais  hasitkom   khidba,-1
2017-12-30 18:38:06,151966444824649_1766696483351629,Hadi mra manzousa hiya ou chams fm  eli testad3i faha,-1
2017-12-27 5:48:33,151966444824649_1763432433678034,Shemes fm 9adechkom.tefhin,-1
2017-09-28 4:32:32,151966444824649_1661864933834785,essna mgayna shems fm,-1
2017-06-19 8:26:14,151966444824649_1554749521212994,Mala emarek 7outhla,-1
2017-06-19 10:30:24,151966444824649_1554749521212994,ูุง ุดูุณ ุงููุงู ุนูุงู ุชูุฑุถูุง ูููุง ุจุญูุงู ุงูุฒูุงุฑ ุญุชู ูุดุทุชูุง ููู ุจู ุนูู ููู ูุฑุงูุง ูุชููุฑ ุชููุณ ุณุจุนุฉ ูุงุฐู ุณูุงุฏุชู ููุงุช ูุงู ุงููุบุฉ ุงูุฎุดุจูุฉ ุฌูุจูุง ุงูุดุจุงุจ ุงููุชุงูู ูุงููุงุฌุญ ููุฒูููุง ูุงูุทุจุงุจููุฉ ูุงูุฒูุงุฑุฉ,-1
2017-06-14 8:19:04,151966444824649_1549186128436000,ุดุนุจ ูุบูู,-1
2017-06-14 8:30:22,151966444824649_1549186128436000,akber tfabrika,-1
2017-06-14 8:36:27,151966444824649_1549186128436000,halka maghchoucha fi khedhbe we tbaliite barcha,-1
2017-06-14 8:48:28,151966444824649_1549186128436000,Jme3t chams fm ykamlo ystabhlo f cha3b tfooooooh 3likom w 3l admin,-1
2017-06-14 8:56:47,151966444824649_1549186128436000,ุดุนุจ ูุบูู ุจุฑูุงูุฌ ูุจูู ุนูู ุงููุฐุจ ูุงูุฒูุงููุฉ ุชุจุนุซ ูุชุฎุณุฑ ูู ูููุณูุง,-1
2017-06-14 8:57:11,151966444824649_1549186128436000,Min beb sodfa ze3ma hhhh wlh l7keya imfabrka,-1
2017-06-14 9:00:20,151966444824649_1549186128436000,ูููู ุฌุจุฉ ู ูู ูุชุญูู ููู ุณุงูู ูุชุน ุตูุฏูู ุงูุชุญูู ูุชุน ุงูุจุงุฑุญ ุนููู ุนููู ูููู,-1
2017-06-14 9:01:12,151966444824649_1549186128436000,8riba wlh 8achkom fil audimat w 8achkom fil bernemej w mezel bech i8ochkom w fema chkoun  idefe3 3lih :o bernemej nul nebhet ki nesma3 3bed mtab3etou w bjedha teb3th fi sms t7eb terbe7 ๐ tfarjou fi baramej eli tosle7 choufou 5edmet legwera win tayra tal3ou niveau chweya w ma3ach tra5ssou rwe7kom lih wela l8irou 3la zouz frank el 9asm b yed rabi,-1
2017-06-14 9:38:31,151966444824649_1549186128436000,ูุงููู ุญุฑุงู ุนููุจ ูุง ุณุงูู ูุนุงุฏุด ุซูุฉ ูุตุฏุงููุฉ,-1
2017-06-11 10:37:37,151966444824649_1546513622036584,ุงูุนูุจ ูู shems fm ุชุนููููู ูู ุฅุดูุงุฑ ูุง ุฅุนูุงู ุงูููุงุจ,-1
2017-06-11 10:40:09,151966444824649_1546513622036584,Chems. Fm. ุงูุงูุงุฑุงุชูุฉ ุงูุตูููููุฉ ูุงุฐุง ุชูุชุธุฑูู ูููุงุ ุงู ุชูุดุฑ ุงูุฃุฎูุงู ูุงูููู ูุงููุจุงุฏุฆ ุ ููููููู ูู ูุซู ุงููุฑุงุฏ ูุงูููู ููุชุงุชูู ูู ุงููุณุชููุนุงุช.,-1
2017-06-11 10:40:13,151966444824649_1546513622036584,ู ูุฐุง Article ุชูุจุทูู ูุง ุดูุณ,-1
2017-06-11 10:40:22,151966444824649_1546513622036584,ููุณ ููุงู ูุฑู ุจูููู ูุจูู ุงูุจูุงุกู...ูุชููุณ ุฏููุฉ ุงุณูุงููุฉ ูููุณ ูุงุกููุฉ ูุง ุฌูุงุนุฉ ุฌูุนูุฉ ุดูุณ..ุณููุงุก ูุงููู ุบูู ุนู ุตูุงููู ูุง ุงููุงุฏ**********,-1
2017-06-11 10:40:30,151966444824649_1546513622036584,Tfohhhhhhh alikme,-1
2017-06-11 10:41:23,151966444824649_1546513622036584,ูุนูุงุด ุชูุฑูู ูุงูู !!!!,-1
2017-06-11 10:44:51,151966444824649_1546513622036584,ุนููุชูุง ุงูุนุงุฑ ูุง ุงุญูุงุฏ ุงูุดูุทุงู,-1
2017-06-11 12:53:28,151966444824649_1546513622036584,ูููููู ูุงููู ูุง ุชุญุดูููุง ูุง ุฎูุงุฌ,-1
2017-06-11 12:54:42,151966444824649_1546513622036584,"Wlh la te7echmou 
In la tasta7i faf3al ma che2t",-1
2017-06-11 13:02:15,151966444824649_1546513622036584,ุฒูุฏ ุฏุงูุนูุง ุนูููู ูุงููู ูุงุชุญุดููุง ูุง ุงูุชู ูุงูู,-1
2017-06-11 13:03:52,151966444824649_1546513622036584,ุงููุงุทู ูุจูู ุทูู ุนูุฑู ูุงุทู,-1
2017-06-11 13:03:59,151966444824649_1546513622036584,Hhhhhhh el3alem elkol ya3ref enou entoma ya FM wgirkom matjiwech 7ata 10 /100  klamkom jamais y2ather fe twansa. Cha3eb zabrat Ama y4ir 3la dino wjamais ybadlou,-1
2017-03-21 8:58:30,151966444824649_1456821024339178,ูุฒูุชู ุงูุฑูุงุญ ูู ูููู ุงูุงูู  ููุงูู ูุฐุจุง,-1
2017-03-21 8:59:04,151966444824649_1456821024339178,"Ya chams FM yeser tekdbou la vidรฉo est   ancienne, le ciel n'est pas aussi nuageu.",-1
2018-01-02 7:08:33,151966444824649_1769964193024858,ููุด ุตุญูุญ...ูุฎุงุจุฑ ูุจุฑู ุชุญุจู ุชุจูุน ููุชุฌุงุชูุง (....),-1
2018-01-02 7:09:11,151966444824649_1769964193024858,walhi lkolo ktheb wo mfmch mno asel,-1
2018-01-02 15:41:01,151966444824649_1770389406315670,ูุฒูู ูู ุงููุฐุจ ุ ุฌุจุฏุชู ุญูุงูุฉ ูู ุงูุญูุท ุ ูุงูุตุฉ ูู ุงูุจูุงุฏ ุจูุจูุฉ ุ ูุงุนุฏูู ุชุดุบูู ู ุชูุงููู ูู ุงูุนุจุงุฏ ุจุงููุฐุจ ุจุงุด ุชุจุนุฏููู ุนูู ุงูุตุญูุญ,-1
2018-01-02 15:01:12,151966444824649_1770366219651322,"ูุง ูุฑูุชุด ูุงุฑุชููู ููู ุนูุงุด ุงูุชุดููุฑ ุจุงุณู ูุงุญุฏ ููุช ุงุงุงู ูู ูุงููุฉ ุทูููุฉ ,ููุฉ ุงุญุชุฑุงููุฉ ูุงูุง ุชุดููุ",-1
2018-01-02 13:39:44,151966444824649_1770269726327638,ููุฐุจูุง ุนูู ุงููุงุณ,-1
2018-01-02 13:42:03,151966444824649_1770269726327638,ุธูุฑุชู. ูุฐุจูู. ู. ุณุฑุงู,-1
2018-01-02 13:47:11,151966444824649_1770269726327638,ูุงูุฐุงุจุฉ,-1
2018-01-02 13:47:22,151966444824649_1770269726327638,Yezikom mel kedeb,-1
2018-01-02 17:13:08,151966444824649_1770269726327638,ุณุฆููุง ุงูุบุด ูุงูููุงู ูุงููุฐุจ ูุงูุงุณุชูุชุงุฑ ุจุนููู ุงูุชููุณููู ูุงูุง ูููู ุชุทุงูุจูู ุจุงูุงุฌุงุจุฉ ุนูู ุงุณุฆูุฉ ุงุตุงููุฉ ููููุฒ ุจุงูููุฒู ููู ุชุถูุฑูุง ุฐูู ุนูุฏ ุงูุงุณูุงุฑ ููุฐุง ุณูุก ููุฑู..ุณูุนุช ูุฑุฉ ููุณุท ูููู ุซูู ุงููุณุงุฌ 900ูููู ุซู ุจุตูุช ุฎุงูุช ูููู ูู ุซูุงุซุฉ  ?????ุงูู ูุฐุง ุงูุญุฏ ุตุฑุชู ูุชูุฑุณูู ุนูู ุงูุบุด ูุงูุฎุฏุงุน ููููุงุทู ุงูุจุณูุท ุงูุง ููููู ูุฐุจ ุงูุณุงุณุฉ?? .ุซู ุงูู ุงูููุงุจุฉ ุงูุนุงูุฉ ุงููุณ ูุฐุง ุงุดูุงุฑ ูุงุฐุจ ูุณุชุญู ุงูุนูุงุจ ูุงูุชุนููุถ???,-1
2017-03-21 6:23:24,151966444824649_1456821024339178,ุงูุนูู ููุฌูุฏ ูุฒูู ุจูุง ูุฐุจ ุนููุชู ุงูุนุงุฑ ุณูุจู ุงููุงุณ ุชุฎุฏู,-1
2017-03-21 6:48:21,151966444824649_1456821024339178,"ูู ููุฉ ุงููุฐุจุฉ ุงูุนูู ูุฒู ุง ุงูุฑูุญ ูุจุงููุงู ุฌููุน ุงูุณูุงู ูู ูุงูู ุงูุฌูููุฑูุฉ ูุดุงูุฏุชู ูุญูู ูู ุงูุณูุงุก ....

ูุง ุญูุงูุฉ ุทุงุฑุช................:(",-1
2017-03-21 6:52:26,151966444824649_1456821024339178,ุงูุนูู ุชูุทุน ุนูุงู ุงููุฐุจ ูุง ุงุนูุงู ุงูุนุงุฑ,-1
2017-03-21 7:02:11,151966444824649_1456821024339178,ุจุงููู ูููู ุจุงูุฐุจ ุชู ุงููู ููุทุน ูู ุชุตุงูุฑ ุขุฎุฑูู ูุนูู ุงูุตุงูุญ ุชุฑุฏูู ูุงุณุฏ ู ุงููุงุณุฏ ุชูุธููู,-1
2017-03-21 8:07:59,151966444824649_1456821024339178,ูุฒู ูู ุงููุฐุจ ุงูุนูู ุชูุทุน ูุงูุตูุฑ ูุถุญุช ุฅูุฌุงุฒ ุงูุนุจูุฑู ููุญูููุฉ ุณุฑุงุงุงุงุงุงุงู ููุฐุง ุงุณูู ุงูุฏุงุฑ ูููุงู ุงูุนุงู,-1
2017-03-12 2:58:06,151966444824649_1446863432001604,ูุฐุจ ูุณุฑูุฉ,-1
2017-12-31 6:10:16,151966444824649_1767437426610868,ุชูุฐุจู ููุฒูู ุนุงูููู 10 ูุงู ุจุงุด ุชุฏุฎู ุงููุฑุนุฉ,-1
2017-12-31 6:26:01,151966444824649_1767437426610868,ููุง ูุงู ุงููุฐุจ ุชู ูุงุฐู ุฏุงุฑ ู ุงูุง ุดูุฉ ุ,-1
2017-12-31 6:34:00,151966444824649_1767437426610868,ูุงุฒุงู ุงุดููู ุงูู ูุญุตููููุุูุงู ุงุฌุจูุฑุฉ ููุณุงูุด ุงุถุญูู ุนูุงูู ุดูู,-1
2017-12-31 4:49:22,151966444824649_1767437426610868,Du blablabla,-1
2017-12-31 4:53:30,151966444824649_1767437426610868,ููููููู ูุงููู ุฃูุจุฑ ูุฐุจุง ุงูุฏุงุฑ ูุฐู ุนูุฏูุง ูุฑู ููู ููุจุทูููุง ูุฎุฏูู ุจููุง ูููู ููู ูุฑุฉ ูุฌูุจูููุง ูุญุฏุฉ ูุนุฑุฉ ุชูุฑู ูู ูุฏูุง ูุชูุฐุจ ุนูู ุงูุนุจุงุฏ ูุงููู ูุชุฑุจุญู ูุงู ุฏุนุงุก ุงูุดุฑ ุดููู ุญุงุฌุฉ ุจุงููุง ุชุตูุญ ูุฃุนูุงููุง ููุด ุชุชุญููู ุนูู ุงูุนุจุงุฏ ูุฒุจู ุฑุงูู ููุงุช ููุถุฉ ูุฏููุง ููุงุณุทุฉ๐๐๐,-1
2017-12-24 12:08:49,151966444824649_1760522480635696,Shems FM la radio la plus sรฉrieuse.  Bonne chance,1
2017-12-31 15:08:42,151966444824649_1767783029909641,Chems FM la radio que j'aime.,1
2017-03-14 4:45:49,151966444824649_1449762291711718,Sbeh ennour a7la radio chams fm,1
2017-12-19 5:53:24,151966444824649_1754898514531426,Bonjour. Shems une radio sympa.,1
2017-09-28 15:35:06,151966444824649_1663190013702277,Min ahssen les radio rabbi maakom,1
2017-09-27 11:43:23,151966444824649_1661864933834785,"Ma meilleure station -radio .Je l'รฉcoute dรจs le dรฉbut . Le 18 dรฉcembre 2010 dans les infos de 8 h , j'ai appris que Bouazizi s'รฉtait immolรฉ par le feu .Les infos รฉtaient donnรฉes en arabe dialectal .J'entendais cela pour la premiรจre fois .J'aime beaucoup l'รฉquipe de la matinale et surtout Houssem Hamad , Karima mais je regrette le remplacement de Aida Arab  et son รฉmission de17 h ร 19 h avec Mahmoud . . . par l'รฉmission "" Taoula et crazy "" insipide surtout Faรงon .On ne change pas une รฉquipe qui gagne . Joyeux anniversaire !",1
2017-09-24 9:13:58,151966444824649_1658554310832514,radio chems mahlakoume,1
2017-09-24 9:15:36,151966444824649_1658554310832514,radio chems mahlakoume de l'algerie,1
2017-09-24 9:25:27,151966444824649_1658554310832514,salut tlmd bonne chance au radio chems,1
2017-09-22 9:32:32,151966444824649_1656506824370596,A9wa radio fi sport bravo bravo,1
2017-09-17 1:47:04,151966444824649_1650729104948368,Sbeh enour l'I ahla radio,1
2017-09-17 10:22:34,151966444824649_1645015108853101,Bon chance ahla radiooo Shams Fm Tunisie (Radio),1
2017-06-25 2:09:33,151966444824649_1561178113903468,A7la radio nchalah 3idkoum mabrouk w snin dayma w brabi n7eb n3ayed 3la s7abi tarek w fawzi yasm3o fina fi Qatar w 7ob 7yeti ili far9rtna edenya souhir ben ahmed,1
2017-06-14 7:10:55,151966444824649_1549415451746401,Les plus beau radio shems fm,1
2017-03-25 17:49:57,151966444824649_1461526743868606,bravo shems f.m vous etes une radio de proximitee' reellement c'est pourquoi j'ai beaucoup d;estime en vers vous mes sinceres salutations a tous les animateurs et equipes de shems f.m,1
2017-03-15 14:33:18,151966444824649_1451241248230489,"A7la radio shams fm 
Wahdek souhayl",1
2017-03-24 11:35:59,151966444824649_1460197620668185,Dima moutaalika  shems fm,1
2017-03-22 1:42:18,151966444824649_1457734800914467,Sbah errezke wlmahaba lkoul ennasse et l'รฉquipe shems,1
2017-03-22 3:01:44,151966444824649_1457734800914467,Sabah Annour a TT le groupe animateur SHEMS/FM,1
2017-03-22 4:26:22,151966444824649_1457734800914467,"Shems FM 
ุตุจุงุญ ุงูุฑูุฉ ูุงูุฅุญุณุงุณ",1
2017-03-12 1:39:37,151966444824649_1447688681919079,sbe7 elward  shems fm,1
2017-03-09 2:18:03,151966444824649_1444253748929239,Bonjour shems f m excellente journรฉe ร l'รฉcoute,1
2017-03-09 5:05:35,151966444824649_1444253748929239,Merci ma. Shems!,1
2017-03-07 1:35:27,151966444824649_1441960939158520,Sbe7 enour shems fm,1
2017-03-05 10:16:35,151966444824649_1440167459337868,MARHBE  Mr ABID  AHLA  WIJDEN<MISSIKOM  BILKHIR>  โคAHLA  Shems FM (page officielle)โค,1
2017-06-24 5:53:12,151966444824649_1560111590676787,TRES BON WEEKENDSHEMS FM,1
2017-06-24 5:56:03,151966444824649_1560111590676787,"A7la sbe7 
Sbe7 lward chems Fm",1
2017-06-23 16:34:06,151966444824649_1559770197377593,A7LA***SO***WA7LA***SHEMS***W A7LA MOUSAM IIN  W 1000 MABROUK  LIKOL  INNAJHIIIN\IID  SAIID  BARCHA  TA2ALO9 W  BARCHA INJE7  YA  RAB...,1
2017-06-19 14:29:53,151966444824649_1555335157821097,Merci Shems,1
2017-06-12 3:26:28,151966444824649_1547140835307196,ุฃุญูู ุตุจุงุญ ูุดูุณ #fm,1
2017-06-11 16:57:27,151966444824649_1546823678672245,bravo shems,1
2017-03-26 2:06:13,151966444824649_1461799213841359,ุงุญูู ุตุจุงุญ   .  Shems,1
2017-09-21 5:49:31,151966444824649_1655211891166756,Ana lamia men america farhana barcha shems fm ๐๐๐๐๐๐,1
2017-09-20 1:33:48,151966444824649_1653884781299467,SABEH il fil  Shems  FM,1
2017-09-18 6:14:12,151966444824649_1651860528168559,ุงุญูู ุดูุณ,1
2017-09-17 3:03:53,151966444824649_1650729104948368,quel bon petit dej bon dimanche a toute l equipe de shems FM,1
2017-09-16 10:01:47,151966444824649_1650089115012367,Bravo shems,1
2017-06-26 5:32:35,151966444824649_1562180573803222,Ayemkom kolhe id toute l'รฉquipe  shems fm,1
2017-06-25 4:09:23,151966444824649_1561257447228868,ุนูุฏู ูุจุฑููููู ูุฑููุฉ ู ุฌูุงุนุฉ ุดูุณ ุงู ุงู.ุงููู,1
2017-09-26 18:06:36,151966444824649_1661201823901096,Joyeux anniversaire Shems FM (page officielle) ๐๐๐๐๐๐๐๐๐,1
2017-09-26 18:26:14,151966444824649_1661201823901096,Happy Chams fm!,1
2017-09-27 0:24:02,151966444824649_1661201823901096,Happy shamoustiiiiii๐๐๐๐๐,1
2017-09-27 2:06:09,151966444824649_1661201823901096,Joyeux anniversaire ๐๐๐๐๐,1
2017-09-27 2:12:04,151966444824649_1661201823901096,ูู ุณูู ูุงูุชู ููุชุงูููู,1
2017-09-27 2:29:30,151966444824649_1661201823901096,Nchalah kol d9i9a w kol thanya wechamousa mnawra 7yatna w ayamna,1
2017-09-27 5:45:45,151966444824649_1661201823901096,ูู ุนุงู ู ุงูุชู ูุชุงูููู,1
2017-09-27 5:52:59,151966444824649_1661201823901096,kol 3am 7ayin b5ir ๐๐๐๐๐๐,1
2017-09-27 6:30:23,151966444824649_1661201823901096,ูู ุณูู ูุฃูุชู ููุชุงูููู,1
2017-09-27 7:16:56,151966444824649_1661201823901096,ูู ุนุงู ูุงูุดูุณ ุณุงุทุนู ุงูุดุงููู,1
2017-09-27 7:55:55,151966444824649_1661201823901096,Kol.3am.7ya.b5ir.ya.chemes.ya.m3alma,1
2017-09-27 10:39:40,151966444824649_1661201823901096,Chalh kol 3am we shamos be 5ir,1
2017-09-27 11:34:01,151966444824649_1661201823901096,Joyeux anniversaire๐๐shamous a,1
2017-09-27 12:34:33,151966444824649_1661201823901096,ูู ุนุงู ูุดููุณู ุชุถูู ุนูููุง,1
2017-09-27 12:46:08,151966444824649_1661201823901096,ูู ุนุงู ูุงูุชู ุทูุจูู ูุง ุงุญูู ุดูุณ,1
2017-09-28 8:30:39,151966444824649_1661201823901096,ุดูุณ ุฏููุง ุญูุงูู,1
2017-09-30 6:17:06,151966444824649_1661201823901096,Joueuse anniversaire chemsouna,1
2017-09-26 16:31:48,151966444824649_1661113550576590,ุจุฑุงูู ุดูุณ ุงูู,1
2017-09-25 11:14:08,151966444824649_1659783977376214,Merci shems fm mwansetna,1
2017-09-22 11:08:46,151966444824649_1656506824370596,Merci Shems FM (page officielle),1
2017-09-22 7:20:43,151966444824649_1656392741048671,ุดูุฑุง ุดูุณ  ู ู,1
2017-09-22 6:14:59,151966444824649_1656311294390149,Merci shems 3la takrim ilmonadhel ilkabir taher hamila,1
2017-09-21 6:17:46,151966444824649_1655258814495397,Shems bravo a vous,1
2017-09-28 3:58:27,151966444824649_1661850340502911,ูู ุนุงู ูุงูุช ุจุฎูุฑ ุจุฎูุฑ ูุฑุจู ูุถููู ูุฏููุง ููุฑุญู ุจูู,1
2017-11-21 17:51:26,151966444824649_1661850340502911,Joyeux anniversaire,1
2017-09-27 5:58:24,151966444824649_1661641257190486,Joyeuuuuuux shems โกโก,1
2017-09-27 6:03:19,151966444824649_1661641257190486,BRAVO l'Equipe,1
2017-09-27 9:20:16,151966444824649_1661641257190486,Tahia lelle ekibbe shems  f . F,1
2017-09-27 9:25:26,151966444824649_1661613043859974,Rabi iwafakkom masira mouwafaka,1
2017-09-27 11:04:37,151966444824649_1661864933834785,ูู ุนุงู ูุดูุณ ู ู ุจุงูู ุฎูุฑ,1
2017-09-27 11:29:00,151966444824649_1661864933834785,ุงู ุดุงุก ุงููู ุฏููุง ูุงูุนูุงูู ู ุฏููุง ูููุฑูู ....ูุง ุงุญูู ุดููููููุณุฉ,1
2017-09-27 11:55:27,151966444824649_1661864933834785,kol 3am washames fm eb5ir wata9adem,1
2017-09-27 12:00:54,151966444824649_1661864933834785,ูุจุฑููููููู  ุนูููู ููู ุนุงู ูุดูุณูุง ุจุงูู ุฎูุฑ,1
2017-09-27 12:02:18,151966444824649_1661864933834785,Meilleurs voeux de bonne continuation,1
2017-09-27 12:11:59,151966444824649_1661864933834785,ูู ุนุงู ูุดูุณ ุงู ู ุญูุฉ ุจุงูู ุฎูุฑ  ูุจุงููุฌุงุญ ูุงูุชูููู,1
2017-09-27 12:47:35,151966444824649_1661864933834785,ูู ุนุงู ูุงูุชู ุญููู ุจุงูู ุฎูุฑ,1
2017-09-27 13:10:54,151966444824649_1661864933834785,Happy birthday mwafkin dima inchallah,1
2017-09-27 15:41:03,151966444824649_1661864933834785,Jounoud chams rabi ye7mikom ..,1
2017-09-27 16:30:26,151966444824649_1661864933834785,Joyeux anniversaire kol 3am 1000000000kir ๐๐๐๐๐,1
2017-09-27 22:58:39,151966444824649_1661864933834785,ูู.ุนุงู.ูุดููุณุฉ.ุจุงูู.ุฎูุฑ.ูุงูุดุงุก.ุงููู.ุงูู.ุงูุงูุงู.ูุงูุฒุฏูุงุฑ,1
2017-09-28 4:06:39,151966444824649_1661864933834785,MABROUK BOTAWFIK,1
2017-09-28 15:22:38,151966444824649_1661864933834785,Kol-3am-w-intouma-bi-alf-5ir,1
2017-09-27 9:54:45,151966444824649_1661850340502911,ูู ุนุงู  ูุฃูุชู ุจุฌูุฑ  _ุดูุณ ูุงู,1
2017-09-27 9:59:08,151966444824649_1661850340502911,ูู ุนุงู ูุงูุชู ูุงูุฅุฐุงุนุฉ ุจุงูู ุฎูุฑ,1
2017-09-27 10:00:29,151966444824649_1661850340502911,Kol 3am wchams fm balfin 5ir joyeux anniversaire rabi iwafa9 kom,1
2017-09-27 17:06:24,151966444824649_1662153423805936,Shems F M nawartouna y'a nawara,1
2017-09-27 10:26:13,151966444824649_1661864933834785,Inchalla dima menawrine masira mouwafaka el shems f .m  boufaroua mohsen  ksar helalle,1
2017-09-27 10:29:29,151966444824649_1661864933834785,Kol 3am w hiya a7la,1
2017-09-27 10:30:14,151966444824649_1661864933834785,ูู ุนุงู ูุงูุชู ุจุฎูุฑ ูุงุญูู ุญุงุฌุฉ ูู ุดูุณ ุงู ู ุงููู ุงูุชู ูุจุฑูููู ุนูู ุจู ุนูู ุจุนุฏ ุดูุฑูู ูู ุชุงุณูุณ ุงูุงุฐุงุนุฉ ุจู ุงูููุจ ุทุงุฑ ููููููููู,1
2017-09-27 10:32:14,151966444824649_1661864933834785,Menawarre bihom yahamza okba 1000,1
2017-09-27 10:38:10,151966444824649_1661864933834785,ูุจุฑูู ูุจุฑูู ูุจุฑูู,1
2017-09-27 10:52:09,151966444824649_1661864933834785,Bonne fรชte  chams,1
2017-12-31 14:38:30,151966444824649_1767943913226886,***TAWASOL  MOUMTEEEZ  SHEMSOUN  TA7FOUN***๐,1
2017-12-31 10:11:06,151966444824649_1767783029909641,bravooooooo shems fm,1
2018-01-02 14:23:29,151966444824649_1767783029909641,TA7ya  shems fm,1
2017-12-29 16:08:25,151966444824649_1765954193425858,Joyeuse fin d'annรฉe pour toute l'รฉquipe de shems fm,1
2017-12-29 10:02:12,151966444824649_1765624206792190,Bravo shems fm,1
2017-12-28 6:02:26,151966444824649_1764428916911719,Dima m3ak a7la monoprix a7la shems fm,1
2017-12-27 6:19:43,151966444824649_1763432433678034,A7la ikibb Shems FM ๐๐๐๐,1
2017-12-17 12:40:10,151966444824649_1753006731387271,Bravo  shems,1
2017-09-28 9:25:29,151966444824649_1662841390403806,Bravo  shems Fm.,1
2017-09-27 16:48:49,151966444824649_1662153423805936,Thanks shems fm,1
2017-12-27 5:54:17,151966444824649_1763432433678034,Ahla w sahla ya a7la shams,1
2017-09-21 6:19:02,151966444824649_1655258814495397,Toujours de bon sujet je vous suis pour votre bon travail bravoooo,1
2017-09-18 2:21:05,151966444824649_1651750764846202,Tres belle emission bravo,1
2017-09-18 2:26:22,151966444824649_1651750764846202,Bravo hamza j aime bien votre travaille,1
2017-09-18 2:28:23,151966444824649_1651750764846202,Fรฉlicitations hamza vous รฉtait le meilleur,1
2017-06-26 18:01:43,151966444824649_1563087433712536,Bon travail,1
2017-09-16 9:44:03,151966444824649_1650089115012367,Bravo shems fm,1
2017-06-28 1:01:06,151966444824649_1564541233567156,ุตุจุงุญ ุงููุฑุฏ ูุงููุงุณููู ููู ุงูุนุงูููู ูุงูุนุงููุงุช ุจู ุดูุณ ูู,1
2017-06-27 1:17:52,151966444824649_1563393460348600,ุตุจุงุญ ุงููู ูุง ุดูุณ,1
2017-06-25 1:56:51,151966444824649_1561164770571469,ุฃุญูู ุนูุฏ ูุฃุญูู ุดูุณ ูุฃุญูู ุงูุฃุญุจุฉ,1
2017-06-25 2:35:25,151966444824649_1561164770571469,ุนูุฏ ูุจุฑูู ูุง ุดูุณ ุงู ุงู,1
2017-06-24 5:40:24,151966444824649_1560111590676787,ุงูุดุงุก ุงููู ุงูุงูู ูุฑุฏ ูุง ุดูุณ ุงู ุงู,1
2017-06-23 18:31:36,151966444824649_1559838174037462,ุดูุฑุง. ูุดูุณ ู ู ุนูู ุงูููุฉ ุงูุฌูููุฉ  ูููุงุฌุญูู ูู ุชููุณ,1
2017-06-18 2:22:09,151966444824649_1553655747989038,ูุงุฐุงุนุฉ ุดูุณ ุฏุงููุง ูุดุฑูุฉ ุจูุฑูุฑูุง ูุนู ุนูุง ุทูู ุงูุจูุงุฏ ุจุงููุนูุง ูุงูููุฑุฉ ูุงููุบู ุงูุงููู ุฒููุฉ ูุซู ูุฏู ุงููุฒูุฑูุฉ,1
2017-12-31 9:27:46,151966444824649_1767679866586624,ูุงุดูุณ ุงูู ุจุฑุงุณ ุงูุนู ููููู ููุญูู ูู ุงูุนุงูููู ุงูู ููู ุงูุดุงุกุงููู ุนุงู ุงูููู ูุซููุทุงุด ูุฏุฎู ุนููู ุจุงููุฑุญุฉ ูุชุจูู ุฒุงููุฉ ููู ูุตุจุงุญ ุงูุดู ูู ูู ูุจุงุฐู ุงููู ูุฌูู ุงูุฎูุฑ ูุชุฌูู ุงูุจุฑูุฉ ูุชุจูู ููููู ุณูุง ุฏููุง ูู ุงูุนูุง ูููููุฉ ูุงูุช ูุจูุงุช ุงูุดุงุกุงููู ุนูู ูุตู ูุงุชุฎูุงุช  ูุดูุฑุง,1
2017-12-30 6:32:37,151966444824649_1766503060037638,ุขุญูู ูุฑููุฉ ูุงุญูู ุดูุณ ุงูู,1
2017-12-30 6:35:36,151966444824649_1766503060037638,ุงุญูู ุฌู ุดูุณ ู ู ุดูุฑุง ููู ูุจุงููู ูุญุจ ุบูุงูุงุช ุชุฑุงุซ ูุดูุฑุง ููู,1
2017-12-30 5:36:52,151966444824649_1766464203374857,"ุนุงู ุณุนูุฏ.ุฌูุงุนุฉ ุดูุณ ุงููู
ูุจุงูุชูููู ูุง ุฑููู ุงูุทุฑูู
ูุทุงุฑุฏู ูู ุถูู....",1
2017-09-28 9:19:11,151966444824649_1662841390403806,ุจุฑุงูู  ุดูุณ FM,1
2017-09-22 2:54:02,151966444824649_1656141691073776,ุดูุณ ุงุญูู ุดูุณ ูุงุญูู ุตุจุงุญ ูุนุงูู,1
2017-09-21 5:49:59,151966444824649_1655211891166756,ุชุญูุงุชู ุงุญูุง ุฑุงุฏูู ุดูุณ,1
2017-09-21 1:19:22,151966444824649_1655029521184993,ูู ุนุงู ู ุฌูุงุนูุฉ ุงููุงุชููุงู ุจุฎูุฑ ู ูู ุดูุณ,1
2017-09-21 1:23:08,151966444824649_1655029521184993,ุตุจุงุญูู ุฒูู ูุง ุฌูุงุนุฉ ุดูุณ ุงู ุงู. ูู ุญูุฒุฉ ููุฎุชุงุฑ ููู ุงูุนุงูููู ูุนุงููู ูุจุฑูู,1
2017-06-16 11:07:38,151966444824649_1551790128175600,ุดูุณ ุงูู ุงูุญูุช ุนูููู.ุงูุฃูุถู ุจุฏูู ููุงุฒุน ูููููู ุณูุญูู ุจุนุฏูู ููุฒุงูู,1
2017-06-11 1:45:12,151966444824649_1546113092076637,ุดูุณ ุงูู ุดูุณ ุงูุฑูููุณูุฉ,1
2017-06-11 12:07:46,151966444824649_1546113092076637,ุตุจุงุญ ุงููุฑุฏ ููู ุงููุฑุฏ ููู ุงูุนุงูููู ุจุดูุณุชูุง,1
2017-06-07 1:56:57,151966444824649_1541641319190481,ุตุจุงุญ ุงููุฑุฏ ูุงููุงุณููู ูุฃุญูู ุดูุณ ุฃู ุขู,1
2017-03-16 3:45:49,151966444824649_1451756564845624,ุตุจุงุญ ุงููุฑุฏ ุงุญูู ุดูุณ๐๐๐๐๐โคโค๐น๐๐๐,1
2017-03-10 11:43:17,151966444824649_1445816355439645,ุนุณูุงูุฉ ูุง ุฃุญูุง ุดูุฉ ููุง ุฃุญูุง ุดูุณ โFM,1
2017-03-07 1:07:27,151966444824649_1441960939158520,ุงุญูู ุตุจุงุญ ูุงุญูู ุดููุณุฉ ููู ูููุฑ ุจุงุฑุฏ ูููุง ุงูููู ูุงุชุฏูููุง ูุงู ุดูุณ ุงู ุงู,1
2017-12-31 9:44:35,151966444824649_1767760493245228,"ุชุจูุง ุนูู ุงูุจุงุฌ ูุชุงุนูู ุงูุดุนุฑ ุุ
ูุงุดูุณ ุงูู ุจุฑุงุณ ุงูุนู ููููู ููุญูู ูู ุงูุนุงูููู ุงูู ููู ุงูุดุงุกุงููู ุนุงู ุงูููู ูุซููุทุงุด ูุฏุฎู ุนููู ุจุงููุฑุญุฉ ูุชุจูู ุฒุงููุฉ ููู ูุตุจุงุญ ุงูุดู ูู ูู ูุจุงุฐู ุงููู ูุฌูู ุงูุฎูุฑ ูุชุฌูู ุงูุจุฑูุฉ ูุชุจูู ููููู ุณูุง ุฏููุง ูู ุงูุนูุง ูููููุฉ ูุงูุช ูุจูุงุช ุงูุดุงุกุงููู ุนูู ูุตู ูุงุชุฎูุงุช  ูุดูุฑุง",1
2017-12-31 6:46:32,151966444824649_1767527276601883,ูู ุณูุฉ ูุดูุณ ุงูู ุจุฎูุฑ ูุชุงูู,1
2018-01-02 18:30:39,151966444824649_1770390122982265,Bravoooo barcha jaw karim m6,1
2017-09-23 6:52:07,151966444824649_1657370177617594,Chems y'a Chems me7lek y'a Chams,1
2017-09-20 16:16:12,151966444824649_1654631104558168,Bravo chams fm,1
2017-06-28 2:29:44,151966444824649_1564541233567156,A7la sbe7 la7la  chams,1
2017-06-25 3:59:59,151966444824649_1561178113903468,Mer6โ โchams fm pour le cadeau     โุฅุฐุงุนุฉ_ูุฏ_ูููุชูุงโ#,1
2017-03-24 12:18:56,151966444824649_1460245613996719,wahdek chams fm dhima mzahyetna,1
2017-03-24 12:17:49,151966444824649_1460245613996719,Challa dima hamlin jaw,1
2017-03-12 10:19:16,151966444824649_1447688681919079,Ahla 9ahwรฉ m3a ahla chams,1
2017-03-07 18:04:30,151966444824649_1442093949145219,Bravo chams fm,1
2018-01-02 1:40:57,151966444824649_1769765279711416,A7la sbe7 la7le nes chams fm๐๐๐,1
2017-09-29 16:46:17,151966444824649_1664337713587507,Ma7laha Chems F M,1
2017-09-21 3:07:48,151966444824649_1655029521184993,Inchallah 3amkom mabrouk ya a7la groupe,1
2017-12-21 4:04:18,151966444824649_1756947307659880,machallah ma7laha nchalah marbouha,1
2017-09-29 17:27:01,151966444824649_1664337713587507,Seleme  ma7la  jwoukom,1
2017-09-29 16:26:55,151966444824649_1664314803589798,"Ma7lak y'a ta7founa ,",1
2017-09-25 12:13:18,151966444824649_1659783977376214,Ahla a7la shamousa,1
2017-09-25 5:51:53,151966444824649_1659503780737567,ma7la cha3ratek hhhhh,1
2017-09-24 9:45:32,151966444824649_1658554310832514,A7la Afef je t'adore,1
2017-09-21 16:53:00,151966444824649_1655820834439195,Bon soir ye a7la chems,1
2017-09-21 9:46:42,151966444824649_1655438927810719,A7la virage,1
2017-12-30 15:52:18,151966444824649_1766946103326667,Ma7la zenek,1
2017-12-30 16:24:22,151966444824649_1766457493375528,Hhhhhhhhhhhhhhh a7la ziyeda hhhh,1
2017-12-29 16:21:28,151966444824649_1765954193425858,Ma7la lametkoum,1
2017-12-29 16:45:43,151966444824649_1765954193425858,Ma7lakooom,1
2017-03-16 11:32:41,151966444824649_1452058064815474,A7la 3echwiya,1
2017-03-16 14:35:14,151966444824649_1452058064815474,A7ala aida w nefisa,1
2017-03-16 15:11:14,151966444824649_1452058064815474,mnwaryne,1
2017-03-16 18:05:33,151966444824649_1452058064815474,Baravo,1
2017-03-16 18:34:31,151966444824649_1452058064815474,Tebarkala 3likoum,1
2017-03-16 20:42:55,151966444824649_1452058064815474,ุจุฑุงููุง  ุนุงูุฏู,1
2017-03-16 8:25:18,151966444824649_1451929921494955,ุฃููุง ูุณููุง ุดูุณ ุดููุณุฉ ูุจุฑูุงูุฌ ุฃุนุทููู ุญูู ูุดููุฑูู ุฃุฎุชู ุณูุงุญ ูุฃุฎุชู ููุงู ูููุฑูู ุงู ุดุงุก ุงููู . ูุณูู ุนูููู ุจุฑุดู ูููููู ุนูุงุด ุฃูุง ูุนูุฏูุด ุญู ูุงูุณูุงู 99444213,1
2017-03-16 8:20:01,151966444824649_1451866501501297,Ma7lรจekhoum mnawreen ya a7la sa7afeyeen bisou likoum lkhol,1
2017-03-14 4:45:49,151966444824649_1449762291711718,Sbeh ennour a7la radio chams fm,1
2017-03-15 0:46:41,151966444824649_1449762291711718,A7la w ajmel sbe7 l' ennes kol nchallah,1
2017-03-10 3:10:25,151966444824649_1445479342140013,Bjr y a7la warda,1
2017-03-09 4:19:11,151966444824649_1444253748929239,Saba il5ayir ya a7la chemis fm,1
2017-09-22 13:18:34,151966444824649_1656720077682604,Ma7lkem jawkem ihbel rani nhebel ya a7la wa7da,1
2017-09-21 16:53:00,151966444824649_1655820834439195,Bon soir ye a7la chems,1
2017-09-21 3:07:48,151966444824649_1655029521184993,Inchallah 3amkom mabrouk ya a7la groupe,1
2017-09-19 4:11:12,151966444824649_1652792001408745,A7la matinale w a7la groupe machallah 3likom,1
2017-06-28 2:29:44,151966444824649_1564541233567156,A7la sbe7 la7la  chams,1
2017-06-25 2:09:33,151966444824649_1561178113903468,A7la radio nchalah 3idkoum mabrouk w snin dayma w brabi n7eb n3ayed 3la s7abi tarek w fawzi yasm3o fina fi Qatar w 7ob 7yeti ili far9rtna edenya souhir ben ahmed,1
2017-06-25 1:58:04,151966444824649_1561163997238213,"Inchallh 3id
Com mabrou  a7la chamousa",1
2017-06-19 14:51:38,151966444824649_1555335157821097,Ya3tikomalfsahha yea7lachammousa,1
2017-09-25 9:48:37,151966444824649_1658402840847661,"Bravo, j'adore",1
2017-09-23 8:07:36,151966444824649_1657486770939268,Bravo ร toute l'รฉquipe et bonne continuation,1
2017-09-23 8:10:52,151966444824649_1657486770939268,Bravo fm,1
2017-09-23 8:15:18,151966444824649_1657486770939268,bravo et bon continuation,1
2017-09-23 8:17:05,151966444824649_1657486770939268,Bravooooo affe,1
2017-09-23 8:24:15,151966444824649_1657486770939268,nhebaak Afef,1
2017-09-23 8:53:48,151966444824649_1657486770939268,Good job Afef,1
2017-09-23 9:44:43,151966444824649_1657486770939268,Bravo afef,1
2017-09-24 9:58:56,151966444824649_1658444930843452,"Trรจs sympa l'ambiance et ton invitรฉe, bravo et bonne continuation ๐โ๏ธโ",1
2017-09-28 13:29:02,151966444824649_1662761197078492,Bravo aymen machallah 3lik Rabi m3aak,1
2017-09-26 17:53:00,151966444824649_1661113550576590,Bonne รฉmission bravo imen bonne continuation,1
2017-09-25 3:00:52,151966444824649_1659315050756440,chamousa sbeh esoket,1
2017-09-27 16:11:26,151966444824649_1658747714146507,Amouna. Waw. ...,1
2017-09-24 8:09:26,151966444824649_1658554310832514,bravooo bon  dรฉpart :),1
2017-09-24 8:53:32,151966444824649_1658554310832514,bravo Affoufa rabbi maak enchallah,1
2017-09-24 10:41:38,151966444824649_1658554310832514,Bravo bon courage pour la suite,1
2017-09-24 11:21:20,151966444824649_1658554310832514,Bravo foufa tebarkallah 3alik,1
2017-09-29 19:28:46,151966444824649_1664337713587507,Bnsoir  Merci c'est super bien bravo Merci ๐๐๐๐๐๐๐๐๐๐๐๐๐๐๐ฌc'est radhia,1
2017-09-28 13:29:02,151966444824649_1662761197078492,Bravo aymen machallah 3lik Rabi m3aak,1
2017-09-26 17:53:00,151966444824649_1661113550576590,Bonne รฉmission bravo imen bonne continuation,1
2017-09-25 3:00:52,151966444824649_1659315050756440,chamousa sbeh esoket,1
2017-09-27 16:11:26,151966444824649_1658747714146507,Amouna. Waw. ...,1
2017-09-24 8:09:26,151966444824649_1658554310832514,bravooo bon  dรฉpart :),1
2017-09-24 8:53:32,151966444824649_1658554310832514,bravo Affoufa rabbi maak enchallah,1
2017-09-24 10:41:38,151966444824649_1658554310832514,Bravo bon courage pour la suite,1
2017-09-24 11:21:20,151966444824649_1658554310832514,Bravo foufa tebarkallah 3alik,1
2018-01-02 18:30:39,151966444824649_1770390122982265,Bravoooo barcha jaw karim m6,1
2017-03-24 11:38:40,151966444824649_1460193504001930,Tbarka-allah alik ya ayda et bravo,1
2017-03-23 14:53:45,151966444824649_1459403684080912,A3tikem Saha rakem rouh Bleda bravo likom,1
2017-03-20 17:02:52,151966444824649_1455802164441064,bravooooooooooooooooooooooooooooooooo,1
2017-03-16 11:05:05,151966444824649_1452058064815474,Mahlekom bravo,1
2017-03-09 2:38:11,151966444824649_1444275632260384,Bonjour shem FM bravo,1
2017-03-08 2:36:24,151966444824649_1443073525713928,bonjour hamza  bonne journรฉe pour toute l'รฉquipe  je vous regarde par votre page bravos bravos pour votre รฉmmission,1
2017-12-31 6:11:58,151966444824649_1767527276601883,Chamoussa bonne annรฉe 2018,1
2017-12-30 7:23:59,151966444824649_1766557843365493,Enchaaalaah kol 3am wentouma hayinn b10000 khirr chamousa kol,1
2017-09-27 15:25:10,151966444824649_1661201823901096,Min 7asan ila a7san... Mabrouk chamousaaaaa......,1
2017-09-19 14:42:52,151966444824649_1653438381344107,Bon courage chamoussa,1
2017-06-18 1:14:48,151966444824649_1553655747989038,Sabeh lwarad y'a chamousa๐๐,1
2017-06-13 16:26:07,151966444824649_1548706821817264,ya3tikom aleif sa7a   hal 8iba   chamousti ramadan karim lel koooooool,1
2017-03-18 1:30:42,151966444824649_1453579867996627,Sbe7 elfol ye a7la chamousa,1
2017-03-15 1:36:57,151966444824649_1450721688282445,ุตุจุงุญ ุงูุฎูุฑ ููุงุณ ุงููู ุตุจุงุญ ุงูุฎูุฑ ููู ุงูุนุงููููู ูุน ุดููุณุฉ,1
2017-03-15 1:39:23,151966444824649_1450721688282445,Bonjour Chamousti,1
2017-09-18 1:36:19,151966444824649_1651720394849239,Sbeh el ward ahla chamoussa,1
2017-09-17 1:32:30,151966444824649_1650729104948368,"sbe7 lfol nes lkol ๐๐
sbe7 lward รฉquipe chamoussa fm๐
nchlh nharkom mezyeeeen kima wjouhkm lemnawra ๐",1
2018-01-02 3:17:36,151966444824649_1769799489707995,ุจูุบูุงุจ : ูุนุทู ุงูุตุญุฉ ุ ู ุงููู ูุนูู 66 ููู ููู ูุณูุนู ู ูุณูุน ูุฑูู ุงููุงุชููุงู ุงููู ..ุจุฑุงูู ...ูุฐุง ูุง ููุชุธุฑู ูู ุงูุงุนูุงู .,1
2017-09-20 1:34:13,151966444824649_1653884781299467,ุงุญูู ูุฌููุนุฉ ูุงุญูู ุงุฐุงุนุฉ,1
2017-09-20 1:34:21,151966444824649_1653884781299467,ูุงููู ูุง ุญูุฒุฉ ูููุฉ ุงูุตุจุงุญ ูุง ุชุชุนุฏูู ูุงู ูุง ูุณูุน ุงููุงุชููุงู ุจุตูุชู,1
2017-09-20 1:36:50,151966444824649_1653884781299467,ุตุจุงุญ ุงููู ุงููุฑูู ุงููู,1
2017-09-20 1:38:01,151966444824649_1653884781299467,ุญูู ูุงุณุฑ ุงููุจุงุดุฑ ูุง ุญูุฒุฉ,1
2017-09-20 1:38:23,151966444824649_1653884781299467,ุฅู ุดุงุก ุงููู ููุงุฑูู ุฒูู,1
2017-09-20 1:39:10,151966444824649_1653884781299467,ุญููุฉู ุจุงููุฉ,1
2017-09-20 6:34:00,151966444824649_1654077721280173,ุตุจุงุญูู ุณุนุงุฏุฉ,1
2017-09-20 1:22:52,151966444824649_1653884781299467,ุดูุฑุง ูู ููุงุฑ ูุฑุญุชูุง ุชุฒูุฏ ุชูุจุฑ ุจุงููุชุงุจุนุฉ ูุชุงุนูู ูููุง ูุงู ุดุงุก ุงููุฉ ูููููุง ูููุณูููู,1
2017-09-20 1:28:07,151966444824649_1653884781299467,ุตุจุงุญ ุงููุฑุฏ ู ุงููู,1
2017-09-20 1:28:36,151966444824649_1653884781299467,Sabeh ennour shams fm,1
2017-09-20 1:31:33,151966444824649_1653884781299467,ุตุจุงุญ ุงูุฎูุฑ ุนูู ูุฌูู ุงูุฎูุฑ,1
2017-09-18 1:38:58,151966444824649_1651720394849239,ูุญูุงูู ูุจู ุฒูููู,1
2017-09-18 1:40:07,151966444824649_1651720394849239,ุงุญุณู ุงุฐุงุนุฉ,1
2017-09-18 2:08:59,151966444824649_1651720394849239,ูุญูุงูู,1
2017-06-28 3:09:20,151966444824649_1564541233567156,ุตุจุงุญ ุงูุฎูุฑ ูุง ุงุญูู ุงุฐุงุนุฉ,1
2018-01-02 13:17:06,151966444824649_1770269726327638,shammousa ya ghaliya <3,1
2017-09-25 12:13:18,151966444824649_1659783977376214,Ahla a7la shamousa,1
2017-09-22 12:19:56,151966444824649_1656650471022898,J'adore afoufa mar7ba bik fi shames fm,1
2017-05-27 6:26:13,151966444824649_1503938772960736,Romdhankom mabrouk #Shammousa :) :),1
2017-03-22 3:32:44,151966444824649_1457864887568125,bnjr shamousa w rabi ya3tik matetmana   a7na min generation jdida  c'est bien anek  net3almou 7ajet  jdida 3ala tunis   ma7leha tunis [[STICKER]],1
2018-01-02 13:21:40,151966444824649_1770269726327638,Shems fm E7le jew.,1
2017-03-11 3:07:25,151966444824649_1446409868713627,Sabeh el fol ya Shemouset el ness el kol,1
2017-03-09 2:38:11,151966444824649_1444275632260384,Bonjour shem FM bravo,1
2018-01-01 14:39:27,151966444824649_1769263876428223,3ib alikom chams fm normalement trab7o l3bed nchofaha t7yel et n3ref fech nkoul deja sms 89...... dekal barcha flous deja ki nkolou 1 janv nrabho dar donc seka et mouch ksais ch3ben,1
2017-12-31 6:11:58,151966444824649_1767527276601883,Chamoussa bonne annรฉe 2018,1
2017-12-30 7:23:59,151966444824649_1766557843365493,Enchaaalaah kol 3am wentouma hayinn b10000 khirr chamousa kol,1
2017-12-30 2:15:10,151966444824649_1766324850055459,se7 il fol yรจ chammousit lkol!๐๐,1
2017-03-20 3:22:27,151966444824649_1455685997786014,ูู ุฃุญูู ุงูุจุฑุงูุฌ ููู ุชุญูุก ูู ูุชุฑุงุซ ุชููุณ ุงูุนุชูู...ุฏุงุฆูุง ุฃุชุงุจุน ูุฎุงุตุฉ ูู ุฅุฑุจุนุงุก ูุน ุงูุณุงุนุฉ ุงูุญุงุฏู ุนุดุฑ ููุนุฏ ูุงุฑ ูุน ุงูุนูุฏููุจ ุงูุฃุณูุฑ ุฑุญูู ุงููู...ุจุฑุงูู ุดูุณ ุฃู ุฃู,1
2017-03-10 11:34:21,151966444824649_1445816355439645,ุนุณูุงูุฉ ูุง ุฃุญูุง ุดูุฉ ููุง ุฃุญูุง ุดูุณ โFM,1